Profile	Rawfilename	yyyy-mm-dd hh:mm	Depth [m]	Sampled volume[L]	LPM (1-1.26 µm)[#/L]	LPM (1.26-1.59 µm)[#/L]	LPM (1.59-2 µm)[#/L]	LPM (2-2.52 µm)[#/L]	LPM (2.52-3.17 µm)[#/L]	LPM (3.17-4 µm)[#/L]	LPM (4-5.04 µm)[#/L]	LPM (5.04-6.35 µm)[#/L]	LPM (6.35-8 µm)[#/L]	LPM (8-10.1 µm)[#/L]	LPM (10.1-12.7 µm)[#/L]	LPM (12.7-16 µm)[#/L]	LPM (16-20.2 µm)[#/L]	LPM (20.2-25.4 µm)[#/L]	LPM (25.4-32 µm)[#/L]	LPM (32-40.3 µm)[#/L]	LPM (40.3-50.8 µm)[#/L]	LPM (50.8-64 µm)[#/L]	LPM (64-80.6 µm)[#/L]	LPM (80.6-102 µm)[#/L]	LPM (102-128 µm)[#/L]	LPM (128-161 µm)[#/L]	LPM (161-203 µm)[#/L]	LPM (203-256 µm)[#/L]	LPM (256-323 µm)[#/L]	LPM (323-406 µm)[#/L]	LPM (406-512 µm)[#/L]	LPM (512-645 µm)[#/L]	LPM (645-813 µm)[#/L]	LPM (0.813-1.02 mm)[#/L]	LPM (1.02-1.29 mm)[#/L]	LPM (1.29-1.63 mm)[#/L]	LPM (1.63-2.05 mm)[#/L]	LPM (2.05-2.58 mm)[#/L]	LPM (2.58-3.25 mm)[#/L]	LPM (3.25-4.1 mm)[#/L]	LPM (4.1-5.16 mm)[#/L]	LPM (5.16-6.5 mm)[#/L]	LPM (6.5-8.19 mm)[#/L]	LPM (8.19-10.3 mm)[#/L]	LPM (10.3-13 mm)[#/L]	LPM (13-16.4 mm)[#/L]	LPM (16.4-20.6 mm)[#/L]	LPM (20.6-26 mm)[#/L]	LPM (>26 mm)[#/L]	LPM biovolume (1-1.26 µm)[ppm]	LPM biovolume (1.26-1.59 µm)[ppm]	LPM biovolume (1.59-2 µm)[ppm]	LPM biovolume (2-2.52 µm)[ppm]	LPM biovolume (2.52-3.17 µm)[ppm]	LPM biovolume (3.17-4 µm)[ppm]	LPM biovolume (4-5.04 µm)[ppm]	LPM biovolume (5.04-6.35 µm)[ppm]	LPM biovolume (6.35-8 µm)[ppm]	LPM biovolume (8-10.1 µm)[ppm]	LPM biovolume (10.1-12.7 µm)[ppm]	LPM biovolume (12.7-16 µm)[ppm]	LPM biovolume (16-20.2 µm)[ppm]	LPM biovolume (20.2-25.4 µm)[ppm]	LPM biovolume (25.4-32 µm)[ppm]	LPM biovolume (32-40.3 µm)[ppm]	LPM biovolume (40.3-50.8 µm)[ppm]	LPM biovolume (50.8-64 µm)[ppm]	LPM biovolume (64-80.6 µm)[ppm]	LPM biovolume (80.6-102 µm)[ppm]	LPM biovolume (102-128 µm)[ppm]	LPM biovolume (128-161 µm)[ppm]	LPM biovolume (161-203 µm)[ppm]	LPM biovolume (203-256 µm)[ppm]	LPM biovolume (256-323 µm)[ppm]	LPM biovolume (323-406 µm)[ppm]	LPM biovolume (406-512 µm)[ppm]	LPM biovolume (512-645 µm)[ppm]	LPM biovolume (645-813 µm)[ppm]	LPM biovolume (0.813-1.02 mm)[ppm]	LPM biovolume (1.02-1.29 mm)[ppm]	LPM biovolume (1.29-1.63 mm)[ppm]	LPM biovolume (1.63-2.05 mm)[ppm]	LPM biovolume (2.05-2.58 mm)[ppm]	LPM biovolume (2.58-3.25 mm)[ppm]	LPM biovolume (3.25-4.1 mm)[ppm]	LPM biovolume (4.1-5.16 mm)[ppm]	LPM biovolume (5.16-6.5 mm)[ppm]	LPM biovolume (6.5-8.19 mm)[ppm]	LPM biovolume (8.19-10.3 mm)[ppm]	LPM biovolume (10.3-13 mm)[ppm]	LPM biovolume (13-16.4 mm)[ppm]	LPM biovolume (16.4-20.6 mm)[ppm]	LPM biovolume (20.6-26 mm)[ppm]	LPM biovolume (>26 mm)[ppm]	chloro fluo [mg chl/m3]	conductivity [ms/cm]	cpar [%]	depth [salt water, m]	fcdom factory [ppb qse]	in situ density anomaly [kg/m3]	neutral density [kg/m3]	nitrate [µmol/l]	oxygen [µmol/kg]	oxygen [ml/l]	par [µmol m-2 s-1]	part backscattering coef 470 nm [m-1]	pot. temperature [degc] (any ref.)	potential density anomaly [kg/m3]	potential temperature [degc]	practical salinity [psu]	practical salinity from conductivity	pressure in water column [db]	qc flag	sound speed c [m/s]	spar [µmol m-2 s-1]	temperature [degc]	extrames01	extrames02	extrames03	extrames04	extrames05	extrames06	extrames07	extrames08	extrames09	extrames10	extrames11	extrames12	extrames13	extrames14	extrames15	extrames16	extrames17	extrames18	extrames19	extrames20
stn_038	HDR20170111035244	2017-01-11 03:52:44	2.5	452.32	0.0	0.0	0.0	0.0	0.0	0.0	0.0	0.0	0.0	0.0	0.0	0.0	0.0	0.0	0.0	0.0	0.0	1407.7953661124868	0.0	0.0	311.2177219667492	124.6573222497347	102.1666077113548	41.479483551467986	29.337637071100108	20.217987265652635	10.326759816059427	6.34064379200566	4.059073222497347	3.5174212946586487	3.2874955783516095	2.0096391934913336	0.9152812168376371	0.7450477538026177	0.3868942341704988	0.7339936328263177	0.11496285815351963	0.17686593562079944	0.5151220374955784	0.3802617615847188	0.24761230986911922	0.08180049522461974	0.22550406791651928	0.2520339582596392	1.0611956137247966	0.0	0.0	0.0	0.0	0.0	0.0	0.0	0.0	0.0	0.0	0.0	0.0	0.0	0.0	0.0	0.0	0.0	0.191702730648059	0.0	0.0	0.174282699568318	0.159637133556723	0.285320246579173	0.251324702002142	0.342361053520393	0.491279058047495	0.523125782205714	0.643846937470638	0.822669231612119	1.41380645684797	2.58369714739254	3.18044511976699	2.84888205947117	4.84932123590553	4.64271396114108	16.7365020700609	6.0183907520157	20.3098197680244	109.725604942116	158.291512361231	184.007871283243	132.383061643304	787.270597762442	1646.88631649026	322594.950608707																																										
stn_038	HDR20170111035244	2017-01-11 03:52:44	7.5	80.96	0.0	0.0	0.0	0.0	0.0	0.0	0.0	0.0	0.0	0.0	0.0	0.0	0.0	0.0	0.0	0.0	0.0	49.987648221343875	0.0	0.0	17.625988142292492	5.854743083003953	7.4604743083003955	3.1497035573122534	2.272727272727273	2.2109683794466406	1.1116600790513835	0.4940711462450593	0.27173913043478265	0.049407114624505935	0.049407114624505935	0.024703557312252968	0.012351778656126484	0.012351778656126484	0.0	0.0	0.0	0.0	0.0	0.0	0.0	0.0	0.0	0.0	0.0	0.0	0.0	0.0	0.0	0.0	0.0	0.0	0.0	0.0	0.0	0.0	0.0	0.0	0.0	0.0	0.0	0.0	0.00680693294876247	0.0	0.0	0.00987059726735646	0.00749762939403898	0.0200840471952732	0.0191597846992615	0.0260814972645921	0.0540928604774121	0.0557917320399706	0.0499894151388348	0.0499564116700866	0.0172169010635236	0.0415540807497297	0.046298421515902	0.0384351185757577	0.0773312764156787	0.0	0.0	0.0	0.0	0.0	0.0	0.0	0.0	0.0	0.0	0.0																																										
stn_038	HDR20170111035244	2017-01-11 03:52:44	12.5	84.48	0.0	0.0	0.0	0.0	0.0	0.0	0.0	0.0	0.0	0.0	0.0	0.0	0.0	0.0	0.0	0.0	0.0	45.17045454545455	0.0	0.0	15.175189393939393	5.575284090909091	7.398200757575757	2.9356060606060606	2.734375	1.8584280303030303	0.8522727272727272	0.36695075757575757	0.11837121212121211	0.08285984848484848	0.023674242424242424	0.03551136363636363	0.0	0.011837121212121212	0.0	0.0	0.0	0.0	0.0	0.0	0.0	0.0	0.0	0.0	0.0	0.0	0.0	0.0	0.0	0.0	0.0	0.0	0.0	0.0	0.0	0.0	0.0	0.0	0.0	0.0	0.0	0.0	0.00615096461418936	0.0	0.0	0.00849814386315325	0.00713975204163364	0.0205111928881949	0.0178559748341404	0.0318156016793041	0.0451795958186961	0.0425717636298177	0.0339451018861118	0.0239543268851722	0.0344517437180848	0.0177932377884185	0.0513581597984953	0.0	0.0585885694798834	0.0	0.0	0.0	0.0	0.0	0.0	0.0	0.0	0.0	0.0	0.0																																										
stn_038	HDR20170111035244	2017-01-11 03:52:44	17.5	124.08	0.0	0.0	0.0	0.0	0.0	0.0	0.0	0.0	0.0	0.0	0.0	0.0	0.0	0.0	0.0	0.0	0.0	40.47388781431334	0.0	0.0	13.821727917472598	5.681818181818182	6.528046421663443	2.9174725983236622	2.2969052224371374	1.5635074145712444	0.7011605415860735	0.46744036105738235	0.09671179883945842	0.08865248226950355	0.032237266279819474	0.008059316569954868	0.016118633139909737	0.0	0.0	0.0	0.0	0.0	0.0	0.0	0.0	0.0	0.0	0.0	0.0	0.0	0.0	0.0	0.0	0.0	0.0	0.0	0.0	0.0	0.0	0.0	0.0	0.0	0.0	0.0	0.0	0.0	0.0055114223279288	0.0	0.0	0.00774020206475671	0.00727618042459479	0.0176769650099077	0.0175448170142898	0.0266817395173591	0.0383179550435992	0.0354342020707416	0.0479733208893481	0.0191609015580543	0.0387582860796306	0.0264230136372825	0.00947112549984524	0.0412695111929523	0.0	0.0	0.0	0.0	0.0	0.0	0.0	0.0	0.0	0.0	0.0	0.0																																										
stn_038	HDR20170111035244	2017-01-11 03:52:44	22.5	66.0	0.0	0.0	0.0	0.0	0.0	0.0	0.0	0.0	0.0	0.0	0.0	0.0	0.0	0.0	0.0	0.0	0.0	41.06060606060606	0.0	0.0	14.424242424242424	5.484848484848484	6.303030303030303	2.803030303030303	2.4393939393939394	1.4393939393939394	0.7272727272727273	0.3333333333333333	0.13636363636363635	0.13636363636363635	0.030303030303030304	0.030303030303030304	0.0	0.0	0.015151515151515152	0.0	0.0	0.0	0.0	0.0	0.0	0.0	0.0	0.0	0.0	0.0	0.0	0.0	0.0	0.0	0.0	0.0	0.0	0.0	0.0	0.0	0.0	0.0	0.0	0.0	0.0	0.0	0.00559131710002622	0.0	0.0	0.00807761168945712	0.00702393950320884	0.0174729166085155	0.0169439954006731	0.0294031898378778	0.0347149629890244	0.037394414051727	0.0340551323547243	0.0237126989619563	0.0531263996683374	0.0214405142714688	0.0517211068289807	0.0	0.0	0.20710432129195	0.0	0.0	0.0	0.0	0.0	0.0	0.0	0.0	0.0	0.0																																										
stn_038	HDR20170111035244	2017-01-11 03:52:44	27.5	59.84	0.0	0.0	0.0	0.0	0.0	0.0	0.0	0.0	0.0	0.0	0.0	0.0	0.0	0.0	0.0	0.0	0.0	42.4298128342246	0.0	0.0	14.722593582887699	5.681818181818182	6.885026737967914	3.1082887700534756	2.2225935828877006	1.6544117647058822	0.7018716577540106	0.518048128342246	0.2339572192513369	0.03342245989304812	0.06684491978609625	0.01671122994652406	0.0	0.0	0.0	0.0	0.0	0.0	0.0	0.0	0.0	0.0	0.0	0.0	0.0	0.0	0.0	0.0	0.0	0.0	0.0	0.0	0.0	0.0	0.0	0.0	0.0	0.0	0.0	0.0	0.0	0.0	0.00577776513334324	0.0	0.0	0.00824468908151383	0.00727618042459479	0.019383904628176	0.0191014573166151	0.0257270197261872	0.0394955207978875	0.0347813895411955	0.0537837185515305	0.0418027093470444	0.0143033139522188	0.0549525691921724	0.0279198310158368	0.0	0.0	0.0	0.0	0.0	0.0	0.0	0.0	0.0	0.0	0.0	0.0	0.0																																										
stn_038	HDR20170111035244	2017-01-11 03:52:44	32.5	63.36	0.0	0.0	0.0	0.0	0.0	0.0	0.0	0.0	0.0	0.0	0.0	0.0	0.0	0.0	0.0	0.0	0.0	40.76704545454545	0.0	0.0	14.504419191919192	5.492424242424242	6.597222222222222	2.904040404040404	2.3516414141414144	1.452020202020202	0.7417929292929293	0.42613636363636365	0.20517676767676768	0.14204545454545456	0.07891414141414141	0.03156565656565657	0.0	0.0	0.0	0.0	0.0	0.0	0.0	0.0	0.0	0.0	0.0	0.0	0.0	0.0	0.0	0.0	0.0	0.0	0.0	0.0	0.0	0.0	0.0	0.0	0.0	0.0	0.0	0.0	0.0	0.0	0.005551342277586	0.0	0.0	0.00812251087908252	0.0070336410771083	0.0182526953144454	0.0179661717436952	0.0282455234394237	0.0343730237410524	0.0373709428627756	0.0426713169079655	0.0420006584097093	0.0624034596843956	0.0588309814546382	0.0509647393877435	0.0	0.0	0.0	0.0	0.0	0.0	0.0	0.0	0.0	0.0	0.0	0.0	0.0																																										
stn_038	HDR20170111035244	2017-01-11 03:52:44	37.5	63.36	0.0	0.0	0.0	0.0	0.0	0.0	0.0	0.0	0.0	0.0	0.0	0.0	0.0	0.0	0.0	0.0	0.0	64.04671717171718	0.0	0.0	23.074494949494948	9.532828282828284	10.905934343434344	3.851010101010101	3.519570707070707	2.3674242424242427	1.0416666666666667	0.7417929292929293	0.14204545454545456	0.1893939393939394	0.03156565656565657	0.0	0.0	0.0	0.0	0.0	0.0	0.0	0.0	0.0	0.0	0.0	0.0	0.0	0.0	0.0	0.0	0.0	0.0	0.0	0.0	0.0	0.0	0.0	0.0	0.0	0.0	0.0	0.0	0.0	0.0	0.0	0.00872138868077583	0.0	0.0	0.0129217746520333	0.0122078138234868	0.0298310190237476	0.023260483559091	0.0417113890942289	0.0564873959296078	0.0517127661983294	0.0692454624904243	0.027415154228213	0.0740017904553502	0.0312166616743902	0.0	0.0	0.0	0.0	0.0	0.0	0.0	0.0	0.0	0.0	0.0	0.0	0.0	0.0																																										
stn_038	HDR20170111035244	2017-01-11 03:52:44	42.5	66.88	0.0	0.0	0.0	0.0	0.0	0.0	0.0	0.0	0.0	0.0	0.0	0.0	0.0	0.0	0.0	0.0	0.0	69.78169856459331	0.0	0.0	23.041267942583733	8.836722488038278	8.537679425837322	3.424043062200957	2.2876794258373208	1.5251196172248804	0.6728468899521531	0.41866028708133973	0.11961722488038279	0.07476076555023924	0.10466507177033493	0.014952153110047849	0.0	0.014952153110047849	0.014952153110047849	0.0	0.0	0.0	0.0	0.0	0.0	0.0	0.0	0.0	0.0	0.0	0.0	0.0	0.0	0.0	0.0	0.0	0.0	0.0	0.0	0.0	0.0	0.0	0.0	0.0	0.0	0.0	0.00950233427819323	0.0	0.0	0.0129031674453921	0.0113163753445672	0.0231957781140475	0.0208841763259113	0.0264900959432764	0.0373197238860222	0.033351433587684	0.0409845705126747	0.0231871880736616	0.0245519050823532	0.0814394691967898	0.0192995915065217	0.0	0.0906671259441449	0.151031574192077	0.0	0.0	0.0	0.0	0.0	0.0	0.0	0.0	0.0	0.0																																										
stn_038	HDR20170111035244	2017-01-11 03:52:44	47.5	51.04	0.0	0.0	0.0	0.0	0.0	0.0	0.0	0.0	0.0	0.0	0.0	0.0	0.0	0.0	0.0	0.0	0.0	60.28605015673981	0.0	0.0	19.96473354231975	8.11128526645768	8.89498432601881	3.6833855799373043	2.311912225705329	1.8612852664576802	0.9012539184952978	0.4506269592476489	0.2938871473354232	0.1371473354231975	0.019592476489028215	0.019592476489028215	0.0	0.019592476489028215	0.0	0.0	0.0	0.0	0.0	0.0	0.0	0.0	0.0	0.0	0.0	0.0	0.0	0.0	0.0	0.0	0.0	0.0	0.0	0.0	0.0	0.0	0.0	0.0	0.0	0.0	0.0	0.0	0.00820929000991571	0.0	0.0	0.0111803005173638	0.0103873748130422	0.0244909830461009	0.022677435415058	0.0264350832910304	0.045837250334793	0.0432583706852727	0.0458590080471909	0.0549525977566184	0.0516894740032785	0.0124977784879089	0.0404187490678315	0.0	0.127905495181505	0.0	0.0	0.0	0.0	0.0	0.0	0.0	0.0	0.0	0.0	0.0																																										
stn_038	HDR20170111035244	2017-01-11 03:52:44	52.5	62.48	0.0	0.0	0.0	0.0	0.0	0.0	0.0	0.0	0.0	0.0	0.0	0.0	0.0	0.0	0.0	0.0	0.0	46.414852752880925	0.0	0.0	15.428937259923176	6.290012804097311	6.370038412291934	2.5608194622279132	2.4327784891165174	1.5845070422535212	0.6562099871959027	0.38412291933418696	0.19206145966709348	0.12804097311139565	0.016005121638924456	0.03201024327784891	0.0	0.0	0.0	0.0	0.0	0.0	0.0	0.0	0.0	0.0	0.0	0.0	0.0	0.0	0.0	0.0	0.0	0.0	0.0	0.0	0.0	0.0	0.0	0.0	0.0	0.0	0.0	0.0	0.0	0.0	0.00632041717819086	0.0	0.0	0.00864024330020934	0.00805503917426973	0.0174325865439097	0.0155421541092882	0.0292425847047946	0.0377549008855325	0.0319746948943899	0.0365724349875956	0.0403227137917773	0.0472615137649877	0.0174794597610643	0.0482080535952297	0.0	0.0	0.0	0.0	0.0	0.0	0.0	0.0	0.0	0.0	0.0	0.0	0.0																																										
stn_038	HDR20170111035244	2017-01-11 03:52:44	57.5	47.52	0.0	0.0	0.0	0.0	0.0	0.0	0.0	0.0	0.0	0.0	0.0	0.0	0.0	0.0	0.0	0.0	0.0	38.867845117845114	0.0	0.0	13.468013468013467	4.566498316498317	4.84006734006734	2.2516835016835017	1.9149831649831648	1.1784511784511784	0.7365319865319865	0.3577441077441077	0.23148148148148145	0.06313131313131312	0.06313131313131312	0.04208754208754208	0.0	0.02104377104377104	0.0	0.02104377104377104	0.0	0.0	0.0	0.0	0.0	0.0	0.0	0.0	0.0	0.0	0.0	0.0	0.0	0.0	0.0	0.0	0.0	0.0	0.0	0.0	0.0	0.0	0.0	0.0	0.0	0.0	0.0052927238026591	0.0	0.0	0.00754212109193008	0.00584789315606322	0.0134097139913541	0.0138241252828529	0.0223558172295352	0.0279007254520067	0.0380954188814195	0.0340586375314259	0.0470269714832253	0.0238290348332965	0.0468749550814798	0.0652197346770916	0.0	0.14605090523555	0.0	0.418243621630751	0.0	0.0	0.0	0.0	0.0	0.0	0.0	0.0	0.0																																										
stn_038	HDR20170111035244	2017-01-11 03:52:44	62.5	73.04	0.0	0.0	0.0	0.0	0.0	0.0	0.0	0.0	0.0	0.0	0.0	0.0	0.0	0.0	0.0	0.0	0.0	30.257393209200437	0.0	0.0	9.378422782037239	4.038882803943045	3.3132530120481927	1.9852135815991236	1.273274917853231	0.8077765607886089	0.39704271631982474	0.31489594742606786	0.054764512595837894	0.054764512595837894	0.013691128148959474	0.0	0.0	0.0	0.0	0.0	0.0	0.0	0.0	0.0	0.0	0.0	0.0	0.0	0.0	0.0	0.0	0.0	0.0	0.0	0.0	0.0	0.0	0.0	0.0	0.0	0.0	0.0	0.0	0.0	0.0	0.0	0.00412021877619413	0.0	0.0	0.00525194012030297	0.00517222463916979	0.00899369225953729	0.0121069650808965	0.0149931294842501	0.0194714181434058	0.0200571947274223	0.0316833040102558	0.0115297882404682	0.0233072028670415	0.00845292566467036	0.0	0.0	0.0	0.0	0.0	0.0	0.0	0.0	0.0	0.0	0.0	0.0	0.0	0.0																																										
stn_038	HDR20170111035244	2017-01-11 03:52:44	67.5	83.6	0.0	0.0	0.0	0.0	0.0	0.0	0.0	0.0	0.0	0.0	0.0	0.0	0.0	0.0	0.0	0.0	0.0	26.578947368421055	0.0	0.0	9.138755980861244	4.425837320574163	4.5215311004784695	1.6267942583732058	1.2320574162679427	1.1004784688995215	0.2272727272727273	0.25119617224880386	0.13157894736842107	0.03588516746411483	0.03588516746411483	0.03588516746411483	0.03588516746411483	0.011961722488038277	0.0	0.0	0.0	0.0	0.0	0.0	0.0	0.0	0.0	0.0	0.0	0.0	0.0	0.0	0.0	0.0	0.0	0.0	0.0	0.0	0.0	0.0	0.0	0.0	0.0	0.0	0.0	0.0	0.0036193163515998	0.0	0.0	0.00511772611461624	0.00566776159389489	0.0119852854944727	0.00982447244400463	0.0146051517920037	0.0260969915890916	0.0121326319012824	0.0254440650578246	0.0237134125842778	0.0147107088757767	0.0244139286637317	0.0640613725306791	0.100794357678742	0.0924541878455176	0.0	0.0	0.0	0.0	0.0	0.0	0.0	0.0	0.0	0.0	0.0																																										
stn_038	HDR20170111035244	2017-01-11 03:52:44	72.5	73.92	0.0	0.0	0.0	0.0	0.0	0.0	0.0	0.0	0.0	0.0	0.0	0.0	0.0	0.0	0.0	0.0	0.0	28.179112554112553	0.0	0.0	10.56547619047619	4.68073593073593	5.005411255411255	1.6504329004329004	1.2445887445887445	0.7575757575757576	0.3111471861471861	0.20292207792207792	0.040584415584415584	0.040584415584415584	0.0	0.013528138528138528	0.013528138528138528	0.0	0.0	0.0	0.0	0.0	0.0	0.0	0.0	0.0	0.0	0.0	0.0	0.0	0.0	0.0	0.0	0.0	0.0	0.0	0.0	0.0	0.0	0.0	0.0	0.0	0.0	0.0	0.0	0.0	0.00383721452271831	0.0	0.0	0.00591669298606881	0.00599418673073761	0.0132337015655374	0.00990296066484991	0.0142781269347088	0.0182610367527812	0.0163926851857022	0.0194694227780194	0.00744197763173593	0.0150345011534119	0.0	0.0195212503400991	0.0360650385113454	0.0	0.0	0.0	0.0	0.0	0.0	0.0	0.0	0.0	0.0	0.0	0.0																																										
stn_038	HDR20170111035244	2017-01-11 03:52:44	77.5	60.72	0.0	0.0	0.0	0.0	0.0	0.0	0.0	0.0	0.0	0.0	0.0	0.0	0.0	0.0	0.0	0.0	0.0	42.96772068511199	0.0	0.0	17.440711462450594	8.761528326745719	8.053359683794467	2.272727272727273	1.4328063241106719	0.9881422924901186	0.5434782608695652	0.27997364953886694	0.06587615283267458	0.08234519104084322	0.03293807641633729	0.0	0.016469038208168644	0.0	0.0	0.0	0.0	0.0	0.0	0.0	0.0	0.0	0.0	0.0	0.0	0.0	0.0	0.0	0.0	0.0	0.0	0.0	0.0	0.0	0.0	0.0	0.0	0.0	0.0	0.0	0.0	0.0	0.00585101328171363	0.0	0.0	0.00976684186510674	0.0112200811185056	0.0213018592893395	0.013796065559941	0.0164223382818871	0.0251443674958519	0.0284089507176201	0.0301321642903671	0.0140229960907366	0.0347814442278786	0.0320953121355173	0.0	0.0512468247676769	0.0	0.0	0.0	0.0	0.0	0.0	0.0	0.0	0.0	0.0	0.0	0.0																																										
stn_038	HDR20170111035244	2017-01-11 03:52:44	82.5	60.72	0.0	0.0	0.0	0.0	0.0	0.0	0.0	0.0	0.0	0.0	0.0	0.0	0.0	0.0	0.0	0.0	0.0	61.100131752305664	0.0	0.0	32.674571805006586	17.539525691699605	12.104743083003953	1.762187088274045	1.2351778656126482	0.922266139657444	0.230566534914361	0.2635046113306983	0.09881422924901186	0.03293807641633729	0.03293807641633729	0.06587615283267458	0.0	0.0	0.0	0.0	0.0	0.0	0.0	0.0	0.0	0.0	0.0	0.0	0.0	0.0	0.0	0.0	0.0	0.0	0.0	0.0	0.0	0.0	0.0	0.0	0.0	0.0	0.0	0.0	0.0	0.0	0.00832014537185034	0.0	0.0	0.0182978416056391	0.0224612526150535	0.0305228063548374	0.0101778705367391	0.0143284063118369	0.0228741160785733	0.0114995110856246	0.0281746432419377	0.0179818256644208	0.0129145341919839	0.0264311446466367	0.099118454306298	0.0	0.0	0.0	0.0	0.0	0.0	0.0	0.0	0.0	0.0	0.0	0.0	0.0																																										
stn_038	HDR20170111035244	2017-01-11 03:52:44	87.5	55.44	0.0	0.0	0.0	0.0	0.0	0.0	0.0	0.0	0.0	0.0	0.0	0.0	0.0	0.0	0.0	0.0	0.0	38.97907647907648	0.0	0.0	14.375901875901876	6.872294372294372	4.274891774891775	0.7395382395382396	0.7215007215007215	0.5230880230880232	0.34271284271284275	0.18037518037518038	0.12626262626262627	0.07215007215007216	0.03607503607503608	0.01803751803751804	0.0	0.0	0.0	0.0	0.0	0.0	0.0	0.0	0.0	0.0	0.0	0.0	0.0	0.0	0.0	0.0	0.0	0.0	0.0	0.0	0.0	0.0	0.0	0.0	0.0	0.0	0.0	0.0	0.0	0.0	0.00530787043276957	0.0	0.0	0.00805054086196644	0.00880071346593846	0.0112100633130759	0.00449148525802631	0.00867037749007257	0.0129111757700433	0.0167676082648931	0.015899053025095	0.0235441594718503	0.0273095282286433	0.0204806003799632	0.0232820468967564	0.0	0.0	0.0	0.0	0.0	0.0	0.0	0.0	0.0	0.0	0.0	0.0	0.0																																										
stn_038	HDR20170111035244	2017-01-11 03:52:44	92.5	54.56	0.0	0.0	0.0	0.0	0.0	0.0	0.0	0.0	0.0	0.0	0.0	0.0	0.0	0.0	0.0	0.0	0.0	19.208211143695014	0.0	0.0	6.451612903225806	2.8042521994134897	2.7126099706744866	0.6964809384164222	0.6414956011730205	0.5498533724340176	0.32991202346041054	0.16495601173020527	0.1282991202346041	0.03665689149560117	0.018328445747800584	0.0	0.0	0.0	0.0	0.0	0.0	0.0	0.0	0.0	0.0	0.0	0.0	0.0	0.0	0.0	0.0	0.0	0.0	0.0	0.0	0.0	0.0	0.0	0.0	0.0	0.0	0.0	0.0	0.0	0.0	0.0	0.00261562625914808	0.0	0.0	0.00361291929726328	0.00359114711278388	0.00734215410900248	0.00416734413613469	0.00718883531468845	0.0139681927847671	0.0166822413548933	0.0172438253228658	0.0235068845521431	0.0115191905710507	0.0124611365089553	0.0	0.0	0.0	0.0	0.0	0.0	0.0	0.0	0.0	0.0	0.0	0.0	0.0	0.0																																										
stn_038	HDR20170111035244	2017-01-11 03:52:44	97.5	65.12	0.0	0.0	0.0	0.0	0.0	0.0	0.0	0.0	0.0	0.0	0.0	0.0	0.0	0.0	0.0	0.0	0.0	16.446560196560196	0.0	0.0	5.082923832923832	2.242014742014742	1.9502457002457	0.9674447174447174	0.5528255528255528	0.36855036855036855	0.1382063882063882	0.15356265356265356	0.09213759213759214	0.03071253071253071	0.04606879606879607	0.015356265356265355	0.0	0.0	0.0	0.0	0.0	0.0	0.0	0.0	0.0	0.0	0.0	0.0	0.0	0.0	0.0	0.0	0.0	0.0	0.0	0.0	0.0	0.0	0.0	0.0	0.0	0.0	0.0	0.0	0.0	0.0	0.00223956590236165	0.0	0.0	0.00284645000838594	0.00287114146484011	0.00540886422985377	0.00578234506274768	0.00642005519118072	0.00961422423281413	0.00823522262599529	0.0157926071962733	0.0195005449628791	0.00898835094602554	0.027855660727728	0.0216810140517628	0.0	0.0	0.0	0.0	0.0	0.0	0.0	0.0	0.0	0.0	0.0	0.0	0.0																																										
stn_038	HDR20170111035244	2017-01-11 03:52:44	102.5	73.04	0.0	0.0	0.0	0.0	0.0	0.0	0.0	0.0	0.0	0.0	0.0	0.0	0.0	0.0	0.0	0.0	0.0	16.360898138006572	0.0	0.0	5.4627601314348295	2.259036144578313	1.971522453450164	0.5339539978094194	0.3559693318729463	0.43811610076670315	0.2053669222343921	0.13691128148959472	0.09583789704271631	0.013691128148959474	0.027382256297918947	0.0	0.0	0.0	0.0	0.0	0.0	0.0	0.0	0.0	0.0	0.0	0.0	0.0	0.0	0.0	0.0	0.0	0.0	0.0	0.0	0.0	0.0	0.0	0.0	0.0	0.0	0.0	0.0	0.0	0.0	0.0	0.0022279011029647	0.0	0.0	0.00305915928175312	0.00289293920495937	0.00532202360871414	0.00305183741253497	0.00392122095617774	0.0107114881580125	0.010133074568314	0.0133343555317255	0.0201244348070164	0.00419924741215461	0.022670698685855	0.0	0.0	0.0	0.0	0.0	0.0	0.0	0.0	0.0	0.0	0.0	0.0	0.0	0.0																																										
stn_038	HDR20170111035244	2017-01-11 03:52:44	107.5	58.96	0.0	0.0	0.0	0.0	0.0	0.0	0.0	0.0	0.0	0.0	0.0	0.0	0.0	0.0	0.0	0.0	0.0	12.211668928086839	0.0	0.0	3.3412483039348713	1.01763907734057	1.5264586160108549	0.8141112618724559	0.35617367706919945	0.44097693351424694	0.15264586160108548	0.06784260515603799	0.10176390773405698	0.016960651289009497	0.0	0.0	0.0	0.0	0.0	0.0	0.0	0.0	0.0	0.0	0.0	0.0	0.0	0.0	0.0	0.0	0.0	0.0	0.0	0.0	0.0	0.0	0.0	0.0	0.0	0.0	0.0	0.0	0.0	0.0	0.0	0.0	0.00166289102495685	0.0	0.0	0.00187110737350635	0.00130319649395728	0.0042585225237109	0.00491460738206382	0.004512148705201	0.0103378879776669	0.0068369859302696	0.00645287110650684	0.0196534842782965	0.00675196374620032	0.0	0.0	0.0	0.0	0.0	0.0	0.0	0.0	0.0	0.0	0.0	0.0	0.0	0.0	0.0																																										
stn_038	HDR20170111035244	2017-01-11 03:52:44	112.5	31.68	0.0	0.0	0.0	0.0	0.0	0.0	0.0	0.0	0.0	0.0	0.0	0.0	0.0	0.0	0.0	0.0	0.0	11.332070707070708	0.0	0.0	3.061868686868687	1.3257575757575757	1.0416666666666667	0.6628787878787878	0.3787878787878788	0.1893939393939394	0.15782828282828282	0.12626262626262627	0.06313131313131314	0.0	0.0	0.0	0.0	0.0	0.0	0.0	0.0	0.0	0.0	0.0	0.0	0.0	0.0	0.0	0.0	0.0	0.0	0.0	0.0	0.0	0.0	0.0	0.0	0.0	0.0	0.0	0.0	0.0	0.0	0.0	0.0	0.0	0.00154311411355275	0.0	0.0	0.00171465409199348	0.00169777543240545	0.00277612801049042	0.00410531415765739	0.0038310620610122	0.00450603517604638	0.0077164662546472	0.011656046816945	0.0147486128114804	0.0	0.0	0.0	0.0	0.0	0.0	0.0	0.0	0.0	0.0	0.0	0.0	0.0	0.0	0.0	0.0																																										
stn_038	HDR20170111035244	2017-01-11 03:52:44	117.5	42.24	0.0	0.0	0.0	0.0	0.0	0.0	0.0	0.0	0.0	0.0	0.0	0.0	0.0	0.0	0.0	0.0	0.0	12.68939393939394	0.0	0.0	3.2196969696969697	0.9943181818181818	1.2073863636363635	0.5208333333333333	0.449810606060606	0.3787878787878788	0.2130681818181818	0.1893939393939394	0.11837121212121211	0.023674242424242424	0.04734848484848485	0.0	0.0	0.0	0.0	0.0	0.0	0.0	0.0	0.0	0.0	0.0	0.0	0.0	0.0	0.0	0.0	0.0	0.0	0.0	0.0	0.0	0.0	0.0	0.0	0.0	0.0	0.0	0.0	0.0	0.0	0.0	0.00172794393773873	0.0	0.0	0.00180303832353954	0.00127333157430409	0.00340923474063837	0.00311151944190784	0.00546945208091941	0.00987873258237846	0.00984750705838758	0.0190621681816791	0.023261255801658	0.0123125941322641	0.0380920750983561	0.0	0.0	0.0	0.0	0.0	0.0	0.0	0.0	0.0	0.0	0.0	0.0	0.0	0.0																																										
stn_038	HDR20170111035244	2017-01-11 03:52:44	122.5	34.32	0.0	0.0	0.0	0.0	0.0	0.0	0.0	0.0	0.0	0.0	0.0	0.0	0.0	0.0	0.0	0.0	0.0	13.898601398601398	0.0	0.0	3.8461538461538463	1.3403263403263403	1.3694638694638694	0.4370629370629371	0.5827505827505828	0.4370629370629371	0.20396270396270397	0.05827505827505827	0.05827505827505827	0.05827505827505827	0.029137529137529136	0.0	0.0	0.0	0.0	0.0	0.0	0.0	0.0	0.0	0.0	0.0	0.0	0.0	0.0	0.0	0.0	0.0	0.0	0.0	0.0	0.0	0.0	0.0	0.0	0.0	0.0	0.0	0.0	0.0	0.0	0.0	0.00189260449667365	0.0	0.0	0.00215385573490696	0.00171643230528903	0.00373413977927489	0.00281210934884145	0.00676435770021212	0.0103799102609674	0.00982181683352276	0.00543492750196209	0.0132924279460177	0.0256491147630805	0.0318215805906554	0.0	0.0	0.0	0.0	0.0	0.0	0.0	0.0	0.0	0.0	0.0	0.0	0.0	0.0																																										
stn_038	HDR20170111035244	2017-01-11 03:52:44	127.5	40.48	0.0	0.0	0.0	0.0	0.0	0.0	0.0	0.0	0.0	0.0	0.0	0.0	0.0	0.0	0.0	0.0	0.0	13.710474308300396	0.0	0.0	3.9278656126482216	0.9634387351778657	1.3339920948616601	0.741106719367589	0.6422924901185771	0.3705533596837945	0.32114624505928857	0.12351778656126483	0.0741106719367589	0.024703557312252968	0.024703557312252968	0.024703557312252968	0.0	0.0	0.0	0.0	0.0	0.0	0.0	0.0	0.0	0.0	0.0	0.0	0.0	0.0	0.0	0.0	0.0	0.0	0.0	0.0	0.0	0.0	0.0	0.0	0.0	0.0	0.0	0.0	0.0	0.0	0.00186698679840038	0.0	0.0	0.00219961452769401	0.00123378711547477	0.00356414460814592	0.00462413205377771	0.00721012970540785	0.00967831209882499	0.0156617507320767	0.0116477231521617	0.0153174035366439	0.00722976054354228	0.0201101493202213	0.0297320671129132	0.0	0.0	0.0	0.0	0.0	0.0	0.0	0.0	0.0	0.0	0.0	0.0	0.0																																										
stn_038	HDR20170111035244	2017-01-11 03:52:44	132.5	36.96	0.0	0.0	0.0	0.0	0.0	0.0	0.0	0.0	0.0	0.0	0.0	0.0	0.0	0.0	0.0	0.0	0.0	14.448051948051948	0.0	0.0	3.977272727272727	1.433982683982684	1.7316017316017316	0.5681818181818181	0.5681818181818181	0.45995670995670995	0.27056277056277056	0.1893939393939394	0.10822510822510822	0.08116883116883117	0.05411255411255411	0.0	0.0	0.0	0.0	0.0	0.0	0.0	0.0	0.0	0.0	0.0	0.0	0.0	0.0	0.0	0.0	0.0	0.0	0.0	0.0	0.0	0.0	0.0	0.0	0.0	0.0	0.0	0.0	0.0	0.0	0.0	0.00196742444083685	0.0	0.0	0.0022272826349606	0.00183636934525488	0.004670378565569	0.00341353190123239	0.00676329825336802	0.0112002605009531	0.0144432113346132	0.0195936956952884	0.0182132176382823	0.0330589768741301	0.0475472217227933	0.0	0.0	0.0	0.0	0.0	0.0	0.0	0.0	0.0	0.0	0.0	0.0	0.0	0.0																																										
stn_038	HDR20170111035244	2017-01-11 03:52:44	137.5	35.2	0.0	0.0	0.0	0.0	0.0	0.0	0.0	0.0	0.0	0.0	0.0	0.0	0.0	0.0	0.0	0.0	0.0	16.761363636363637	0.0	0.0	4.914772727272727	1.3352272727272727	1.5909090909090908	0.5113636363636364	0.36931818181818177	0.3125	0.08522727272727272	0.19886363636363635	0.11363636363636363	0.028409090909090908	0.0	0.0	0.028409090909090908	0.0	0.0	0.0	0.0	0.0	0.0	0.0	0.0	0.0	0.0	0.0	0.0	0.0	0.0	0.0	0.0	0.0	0.0	0.0	0.0	0.0	0.0	0.0	0.0	0.0	0.0	0.0	0.0	0.0	0.00228243341029668	0.0	0.0	0.00275228497034417	0.00170990239977978	0.00419189922440312	0.00324593823990544	0.0041734021045528	0.00704084735578539	0.00526095244653201	0.020391118966511	0.0249032968215	0.0147751129587169	0.0	0.0	0.0832153514737884	0.0	0.0	0.0	0.0	0.0	0.0	0.0	0.0	0.0	0.0	0.0	0.0																																										
stn_038	HDR20170111035244	2017-01-11 03:52:44	142.5	43.12	0.0	0.0	0.0	0.0	0.0	0.0	0.0	0.0	0.0	0.0	0.0	0.0	0.0	0.0	0.0	0.0	0.0	15.67717996289425	0.0	0.0	4.012059369202227	1.1595547309833025	1.6233766233766234	0.6725417439703154	0.48701298701298706	0.25510204081632654	0.16233766233766234	0.11595547309833025	0.0463821892393321	0.02319109461966605	0.02319109461966605	0.0	0.0	0.0	0.0	0.0	0.0	0.0	0.0	0.0	0.0	0.0	0.0	0.0	0.0	0.0	0.0	0.0	0.0	0.0	0.0	0.0	0.0	0.0	0.0	0.0	0.0	0.0	0.0	0.0	0.0	0.0	0.00213479762761751	0.0	0.0	0.00224676324109728	0.00148493478052955	0.00420047164183922	0.00408349033424695	0.00591642263421325	0.00626739729338447	0.00823429950309076	0.0112476241743855	0.0105564397785665	0.00813747459555907	0.0172873409507559	0.0	0.0	0.0	0.0	0.0	0.0	0.0	0.0	0.0	0.0	0.0	0.0	0.0	0.0																																										
stn_038	HDR20170111035244	2017-01-11 03:52:44	147.5	40.48	0.0	0.0	0.0	0.0	0.0	0.0	0.0	0.0	0.0	0.0	0.0	0.0	0.0	0.0	0.0	0.0	0.0	18.058300395256918	0.0	0.0	4.224308300395257	1.1116600790513835	1.5316205533596838	0.6175889328063242	0.46936758893280633	0.2964426877470356	0.19762845849802374	0.1482213438735178	0.0741106719367589	0.049407114624505935	0.0	0.0	0.0	0.0	0.0	0.0	0.0	0.0	0.0	0.0	0.0	0.0	0.0	0.0	0.0	0.0	0.0	0.0	0.0	0.0	0.0	0.0	0.0	0.0	0.0	0.0	0.0	0.0	0.0	0.0	0.0	0.0	0.00245904026960483	0.0	0.0	0.00236562317129356	0.0014236005178555	0.00428166964514188	0.00363710246284836	0.00555678659774107	0.0066891102992998	0.0088934124449665	0.0162020043251284	0.0132017284770117	0.0166005280655806	0.0	0.0	0.0	0.0	0.0	0.0	0.0	0.0	0.0	0.0	0.0	0.0	0.0	0.0	0.0																																										
stn_038	HDR20170111035244	2017-01-11 03:52:44	152.5	35.2	0.0	0.0	0.0	0.0	0.0	0.0	0.0	0.0	0.0	0.0	0.0	0.0	0.0	0.0	0.0	0.0	0.0	16.59090909090909	0.0	0.0	4.403409090909091	1.3920454545454544	1.3920454545454544	0.5113636363636364	0.36931818181818177	0.36931818181818177	0.11363636363636363	0.056818181818181816	0.14204545454545453	0.0	0.056818181818181816	0.0	0.0	0.0	0.0	0.0	0.0	0.0	0.0	0.0	0.0	0.0	0.0	0.0	0.0	0.0	0.0	0.0	0.0	0.0	0.0	0.0	0.0	0.0	0.0	0.0	0.0	0.0	0.0	0.0	0.0	0.0	0.00225922222307333	0.0	0.0	0.00246592006013495	0.00178266420402572	0.00350760816362627	0.00324593823990544	0.00409136370783997	0.0102087117831908	0.00548245626169299	0.00670167403667759	0.0249479885256477	0.0	0.0474309814054431	0.0	0.0	0.0	0.0	0.0	0.0	0.0	0.0	0.0	0.0	0.0	0.0	0.0	0.0																																										
stn_038	HDR20170111035244	2017-01-11 03:52:44	157.5	40.48	0.0	0.0	0.0	0.0	0.0	0.0	0.0	0.0	0.0	0.0	0.0	0.0	0.0	0.0	0.0	0.0	0.0	17.88537549407115	0.0	0.0	5.508893280632411	1.5316205533596838	1.6304347826086958	0.691699604743083	0.3705533596837945	0.1482213438735178	0.19762845849802374	0.0	0.024703557312252968	0.024703557312252968	0.0	0.049407114624505935	0.0	0.0	0.0	0.0	0.0	0.0	0.0	0.0	0.0	0.0	0.0	0.0	0.0	0.0	0.0	0.0	0.0	0.0	0.0	0.0	0.0	0.0	0.0	0.0	0.0	0.0	0.0	0.0	0.0	0.0	0.00243549268836374	0.0	0.0	0.00308499396022493	0.00196140515793425	0.00457483475894362	0.00426778082457037	0.00383500220474861	0.00354230161249788	0.0101374917585548	0.0	0.00561832426304285	0.0123922977306763	0.0	0.0662429358148261	0.0	0.0	0.0	0.0	0.0	0.0	0.0	0.0	0.0	0.0	0.0	0.0	0.0																																										
stn_038	HDR20170111035244	2017-01-11 03:52:44	162.5	21.12	0.0	0.0	0.0	0.0	0.0	0.0	0.0	0.0	0.0	0.0	0.0	0.0	0.0	0.0	0.0	0.0	0.0	17.376893939393938	0.0	0.0	4.450757575757575	0.899621212121212	1.231060606060606	0.5681818181818181	0.3314393939393939	0.4261363636363636	0.1893939393939394	0.0	0.23674242424242423	0.0	0.0	0.0	0.0	0.0	0.0	0.0	0.0	0.0	0.0	0.0	0.0	0.0	0.0	0.0	0.0	0.0	0.0	0.0	0.0	0.0	0.0	0.0	0.0	0.0	0.0	0.0	0.0	0.0	0.0	0.0	0.0	0.0	0.00236625158638102	0.0	0.0	0.00249243532959877	0.00115206190056084	0.00346375617094489	0.00326873229390215	0.00415820655598571	0.0115484349935901	0.0102467339138083	0.0	0.0450014163881602	0.0	0.0	0.0	0.0	0.0	0.0	0.0	0.0	0.0	0.0	0.0	0.0	0.0	0.0	0.0	0.0																																										
stn_038	HDR20170111035244	2017-01-11 03:52:44	167.5	38.72	0.0	0.0	0.0	0.0	0.0	0.0	0.0	0.0	0.0	0.0	0.0	0.0	0.0	0.0	0.0	0.0	0.0	15.883264462809917	0.0	0.0	4.183884297520661	1.0330578512396695	1.3171487603305785	0.4390495867768595	0.2582644628099174	0.3357438016528926	0.10330578512396695	0.05165289256198347	0.05165289256198347	0.05165289256198347	0.025826446280991736	0.0	0.0	0.0	0.0	0.0	0.0	0.0	0.0	0.0	0.0	0.0	0.0	0.0	0.0	0.0	0.0	0.0	0.0	0.0	0.0	0.0	0.0	0.0	0.0	0.0	0.0	0.0	0.0	0.0	0.0	0.0	0.00216286062763091	0.0	0.0	0.00234298562898453	0.00132294189538087	0.00358200696178606	0.00266405639773962	0.00349139022625381	0.00896644453244184	0.00606176288037394	0.00525933610689493	0.0121188528988184	0.0186265518134808	0.0222501044343275	0.0	0.0	0.0	0.0	0.0	0.0	0.0	0.0	0.0	0.0	0.0	0.0	0.0	0.0																																										
stn_038	HDR20170111035244	2017-01-11 03:52:44	172.5	41.36	0.0	0.0	0.0	0.0	0.0	0.0	0.0	0.0	0.0	0.0	0.0	0.0	0.0	0.0	0.0	0.0	0.0	18.471953578336556	0.0	0.0	4.4003868471953576	1.4748549323017408	1.1363636363636365	0.6044487427466151	0.31431334622823986	0.19342359767891684	0.09671179883945842	0.09671179883945842	0.0	0.04835589941972921	0.0	0.0	0.0	0.0	0.0	0.0	0.0	0.0	0.0	0.0	0.0	0.0	0.0	0.0	0.0	0.0	0.0	0.0	0.0	0.0	0.0	0.0	0.0	0.0	0.0	0.0	0.0	0.0	0.0	0.0	0.0	0.0	0.00251536837427575	0.0	0.0	0.00246422759612662	0.00188871066340546	0.00303433980373816	0.00351266443359727	0.00375366483269433	0.00440581729987361	0.00486047594031686	0.0103406943932788	0.0	0.0190249524895772	0.0	0.0	0.0	0.0	0.0	0.0	0.0	0.0	0.0	0.0	0.0	0.0	0.0	0.0	0.0																																										
stn_038	HDR20170111035244	2017-01-11 03:52:44	177.5	40.48	0.0	0.0	0.0	0.0	0.0	0.0	0.0	0.0	0.0	0.0	0.0	0.0	0.0	0.0	0.0	0.0	0.0	18.675889328063242	0.0	0.0	4.372529644268775	1.6304347826086958	1.2104743083003953	0.4446640316205534	0.19762845849802374	0.2223320158102767	0.12351778656126483	0.049407114624505935	0.024703557312252968	0.024703557312252968	0.024703557312252968	0.0	0.024703557312252968	0.0	0.0	0.0	0.0	0.0	0.0	0.0	0.0	0.0	0.0	0.0	0.0	0.0	0.0	0.0	0.0	0.0	0.0	0.0	0.0	0.0	0.0	0.0	0.0	0.0	0.0	0.0	0.0	0.0	0.00254313877403728	0.0	0.0	0.00244862749309333	0.00208794742618807	0.00327968497176406	0.00267832771435564	0.00226858138339806	0.00565352470842945	0.00676038066842649	0.00385973992775021	0.00447780580143711	0.0094373110002497	0.0250038871504136	0.0	0.056687533207543	0.0	0.0	0.0	0.0	0.0	0.0	0.0	0.0	0.0	0.0	0.0	0.0																																										
stn_038	HDR20170111035244	2017-01-11 03:52:44	182.5	40.48	0.0	0.0	0.0	0.0	0.0	0.0	0.0	0.0	0.0	0.0	0.0	0.0	0.0	0.0	0.0	0.0	0.0	17.465415019762847	0.0	0.0	3.9278656126482216	1.506916996047431	1.358695652173913	0.4446640316205534	0.32114624505928857	0.2223320158102767	0.024703557312252968	0.024703557312252968	0.024703557312252968	0.0	0.0	0.0	0.0	0.0	0.0	0.0	0.0	0.0	0.0	0.0	0.0	0.0	0.0	0.0	0.0	0.0	0.0	0.0	0.0	0.0	0.0	0.0	0.0	0.0	0.0	0.0	0.0	0.0	0.0	0.0	0.0	0.0	0.00237830570534967	0.0	0.0	0.00219961452769401	0.00192976959087079	0.00365383523777042	0.00277447923226663	0.00343061664953493	0.00498123742237297	0.00151687381731841	0.00259056142162936	0.00421324487577664	0.0	0.0	0.0	0.0	0.0	0.0	0.0	0.0	0.0	0.0	0.0	0.0	0.0	0.0	0.0	0.0																																										
stn_038	HDR20170111035244	2017-01-11 03:52:44	187.5	41.36	0.0	0.0	0.0	0.0	0.0	0.0	0.0	0.0	0.0	0.0	0.0	0.0	0.0	0.0	0.0	0.0	0.0	18.254352030947775	0.0	0.0	4.158607350096712	1.1121856866537718	1.402321083172147	0.26595744680851063	0.0725338491295938	0.12088974854932302	0.04835589941972921	0.0725338491295938	0.04835589941972921	0.0	0.024177949709864605	0.0	0.0	0.0	0.0	0.0	0.0	0.0	0.0	0.0	0.0	0.0	0.0	0.0	0.0	0.0	0.0	0.0	0.0	0.0	0.0	0.0	0.0	0.0	0.0	0.0	0.0	0.0	0.0	0.0	0.0	0.0	0.00248573707143742	0.0	0.0	0.00232883047546033	0.00142427361502707	0.00364683587186249	0.00149475525067835	0.000950989240595863	0.00301295167692487	0.00296919981262327	0.00575992658165678	0.0107548592856834	0.0	0.0149275070248434	0.0	0.0	0.0	0.0	0.0	0.0	0.0	0.0	0.0	0.0	0.0	0.0	0.0	0.0																																										
stn_038	HDR20170111035244	2017-01-11 03:52:44	192.5	36.08	0.0	0.0	0.0	0.0	0.0	0.0	0.0	0.0	0.0	0.0	0.0	0.0	0.0	0.0	0.0	0.0	0.0	17.26718403547672	0.0	0.0	3.3259423503325944	1.2749445676274944	1.1086474501108647	0.47117516629711753	0.3048780487804878	0.11086474501108648	0.08314855875831487	0.02771618625277162	0.02771618625277162	0.02771618625277162	0.0	0.0	0.0	0.0	0.0	0.0	0.0	0.0	0.0	0.0	0.0	0.0	0.0	0.0	0.0	0.0	0.0	0.0	0.0	0.0	0.0	0.0	0.0	0.0	0.0	0.0	0.0	0.0	0.0	0.0	0.0	0.0	0.00235131213660989	0.0	0.0	0.00186253600136078	0.00163270390015298	0.00310517684899339	0.00291292601006088	0.00340402621926328	0.00252529972062372	0.00414510914199974	0.00206711437792533	0.00472705522648111	0.010588202585646	0.0	0.0	0.0	0.0	0.0	0.0	0.0	0.0	0.0	0.0	0.0	0.0	0.0	0.0	0.0																																										
stn_038	HDR20170111035244	2017-01-11 03:52:44	197.5	40.48	0.0	0.0	0.0	0.0	0.0	0.0	0.0	0.0	0.0	0.0	0.0	0.0	0.0	0.0	0.0	0.0	0.0	18.15711462450593	0.0	0.0	4.347826086956522	1.556324110671937	1.358695652173913	0.46936758893280633	0.17292490118577075	0.09881422924901187	0.09881422924901187	0.0	0.0	0.024703557312252968	0.0	0.0	0.0	0.0	0.0	0.0	0.0	0.0	0.0	0.0	0.0	0.0	0.0	0.0	0.0	0.0	0.0	0.0	0.0	0.0	0.0	0.0	0.0	0.0	0.0	0.0	0.0	0.0	0.0	0.0	0.0	0.0	0.00247249603031402	0.0	0.0	0.00243479343946004	0.0019930407249977	0.00358823783307417	0.00276035181104832	0.00202682360014416	0.00274117899604683	0.00491805436570202	0.0	0.0	0.00757690293932245	0.0	0.0	0.0	0.0	0.0	0.0	0.0	0.0	0.0	0.0	0.0	0.0	0.0	0.0	0.0																																										
stn_038	HDR20170111035244	2017-01-11 03:52:44	202.5	37.84	0.0	0.0	0.0	0.0	0.0	0.0	0.0	0.0	0.0	0.0	0.0	0.0	0.0	0.0	0.0	0.0	0.0	18.102536997885835	0.0	0.0	5.31183932346723	1.427061310782241	1.6913319238900633	0.3171247357293869	0.2114164904862579	0.15856236786469344	0.02642706131078224	0.0	0.02642706131078224	0.0	0.0	0.0	0.0	0.0	0.0	0.0	0.0	0.0	0.0	0.0	0.0	0.0	0.0	0.0	0.0	0.0	0.0	0.0	0.0	0.0	0.0	0.0	0.0	0.0	0.0	0.0	0.0	0.0	0.0	0.0	0.0	0.0	0.0024650640694572	0.0	0.0	0.00297464325333609	0.00182750578106102	0.00442141717492658	0.00197869836719791	0.00249483336869318	0.00440710824757785	0.0011648055723877	0.0	0.00667329036877868	0.0	0.0	0.0	0.0	0.0	0.0	0.0	0.0	0.0	0.0	0.0	0.0	0.0	0.0	0.0	0.0																																										
stn_038	HDR20170111035244	2017-01-11 03:52:44	207.5	40.48	0.0	0.0	0.0	0.0	0.0	0.0	0.0	0.0	0.0	0.0	0.0	0.0	0.0	0.0	0.0	0.0	0.0	18.3300395256917	0.0	0.0	5.607707509881424	1.506916996047431	1.556324110671937	0.4940711462450593	0.19762845849802374	0.19762845849802374	0.049407114624505935	0.024703557312252968	0.024703557312252968	0.024703557312252968	0.0	0.0	0.024703557312252968	0.0	0.0	0.0	0.0	0.0	0.0	0.0	0.0	0.0	0.0	0.0	0.0	0.0	0.0	0.0	0.0	0.0	0.0	0.0	0.0	0.0	0.0	0.0	0.0	0.0	0.0	0.0	0.0	0.0	0.0024960436115551	0.0	0.0	0.00314033017475812	0.00192976959087079	0.00430576287007013	0.00293852742565199	0.00239567230589789	0.00496824241391564	0.0023123405568038	0.00346877095077046	0.00395689220912193	0.00904857911951875	0.0	0.0	0.0875241878776381	0.0	0.0	0.0	0.0	0.0	0.0	0.0	0.0	0.0	0.0	0.0	0.0																																										
stn_038	HDR20170111035244	2017-01-11 03:52:44	212.5	36.08	0.0	0.0	0.0	0.0	0.0	0.0	0.0	0.0	0.0	0.0	0.0	0.0	0.0	0.0	0.0	0.0	0.0	16.906873614190687	0.0	0.0	3.797117516629712	1.746119733924612	1.1917960088691797	0.33259423503325947	0.3880266075388027	0.11086474501108648	0.08314855875831487	0.0	0.02771618625277162	0.0	0.02771618625277162	0.02771618625277162	0.02771618625277162	0.0	0.0	0.0	0.0	0.0	0.0	0.0	0.0	0.0	0.0	0.0	0.0	0.0	0.0	0.0	0.0	0.0	0.0	0.0	0.0	0.0	0.0	0.0	0.0	0.0	0.0	0.0	0.0	0.0	0.00230224783841418	0.0	0.0	0.00212639526822023	0.00223609447194864	0.00311267403006829	0.00202128158237944	0.00450292716948334	0.00274712003432323	0.00448322768791363	0.0	0.0069988167282313	0.0	0.0310271258550878	0.0408675303348118	0.0954732535465604	0.0	0.0	0.0	0.0	0.0	0.0	0.0	0.0	0.0	0.0	0.0	0.0																																										
stn_038	HDR20170111035244	2017-01-11 03:52:44	217.5	40.48	0.0	0.0	0.0	0.0	0.0	0.0	0.0	0.0	0.0	0.0	0.0	0.0	0.0	0.0	0.0	0.0	0.0	17.317193675889328	0.0	0.0	4.520750988142293	1.7539525691699607	1.6057312252964429	0.3952569169960475	0.2964426877470356	0.24703557312252966	0.09881422924901187	0.0	0.049407114624505935	0.0	0.024703557312252968	0.0	0.0	0.0	0.0	0.0	0.0	0.0	0.0	0.0	0.0	0.0	0.0	0.0	0.0	0.0	0.0	0.0	0.0	0.0	0.0	0.0	0.0	0.0	0.0	0.0	0.0	0.0	0.0	0.0	0.0	0.0	0.00235812206428589	0.0	0.0	0.00253163181489311	0.00224612526150535	0.0043211506175785	0.00241812800305929	0.00325240432753095	0.00647328211670352	0.00450602540170829	0.0	0.012476151559021	0.0	0.0173267812474951	0.0	0.0	0.0	0.0	0.0	0.0	0.0	0.0	0.0	0.0	0.0	0.0	0.0	0.0																																										
stn_038	HDR20170111035244	2017-01-11 03:52:44	222.5	42.24	0.0	0.0	0.0	0.0	0.0	0.0	0.0	0.0	0.0	0.0	0.0	0.0	0.0	0.0	0.0	0.0	0.0	17.211174242424242	0.0	0.0	4.853219696969696	1.3257575757575757	1.8702651515151514	0.6628787878787878	0.2130681818181818	0.14204545454545453	0.07102272727272727	0.04734848484848485	0.0	0.023674242424242424	0.0	0.0	0.023674242424242424	0.0	0.0	0.0	0.0	0.0	0.0	0.0	0.0	0.0	0.0	0.0	0.0	0.0	0.0	0.0	0.0	0.0	0.0	0.0	0.0	0.0	0.0	0.0	0.0	0.0	0.0	0.0	0.0	0.0	0.00234368515435832	0.0	0.0	0.00271781512004121	0.00169777543240545	0.00512442732772271	0.00413602922587896	0.00252006957187428	0.00365239029995235	0.0035482742835024	0.00497303429955613	0.0	0.00904408970857263	0.0	0.0	0.0552688794369189	0.0	0.0	0.0	0.0	0.0	0.0	0.0	0.0	0.0	0.0	0.0	0.0																																										
stn_038	HDR20170111035244	2017-01-11 03:52:44	227.5	31.68	0.0	0.0	0.0	0.0	0.0	0.0	0.0	0.0	0.0	0.0	0.0	0.0	0.0	0.0	0.0	0.0	0.0	19.12878787878788	0.0	0.0	4.95580808080808	1.893939393939394	0.8522727272727273	0.44191919191919193	0.31565656565656564	0.1893939393939394	0.03156565656565657	0.0	0.03156565656565657	0.0	0.03156565656565657	0.0	0.0	0.0	0.0	0.0	0.0	0.0	0.0	0.0	0.0	0.0	0.0	0.0	0.0	0.0	0.0	0.0	0.0	0.0	0.0	0.0	0.0	0.0	0.0	0.0	0.0	0.0	0.0	0.0	0.0	0.0	0.00260481101062107	0.0	0.0	0.00277526487054615	0.00242539347486493	0.00225613766203748	0.00257306240792324	0.00348669793729497	0.00425340648544416	0.00122944288919903	0.0	0.00473894262035793	0.0	0.0194886897268789	0.0	0.0	0.0	0.0	0.0	0.0	0.0	0.0	0.0	0.0	0.0	0.0	0.0	0.0																																										
stn_038	HDR20170111035244	2017-01-11 03:52:44	232.5	42.24	0.0	0.0	0.0	0.0	0.0	0.0	0.0	0.0	0.0	0.0	0.0	0.0	0.0	0.0	0.0	0.0	0.0	14.914772727272727	0.0	0.0	4.00094696969697	1.1600378787878787	0.7575757575757576	0.26041666666666663	0.16571969696969696	0.23674242424242423	0.0946969696969697	0.0946969696969697	0.04734848484848485	0.0	0.023674242424242424	0.0	0.0	0.0	0.0	0.0	0.0	0.0	0.0	0.0	0.0	0.0	0.0	0.0	0.0	0.0	0.0	0.0	0.0	0.0	0.0	0.0	0.0	0.0	0.0	0.0	0.0	0.0	0.0	0.0	0.0	0.0	0.00203097888204366	0.0	0.0	0.00224054026969251	0.00148555350335477	0.00199614248781101	0.00155575972095392	0.00201073794739884	0.00661286372429556	0.00460708393460522	0.00896416693902728	0.00977017765577275	0.0	0.0227408104135931	0.0	0.0	0.0	0.0	0.0	0.0	0.0	0.0	0.0	0.0	0.0	0.0	0.0	0.0																																										
stn_038	HDR20170111035244	2017-01-11 03:52:44	237.5	41.36	0.0	0.0	0.0	0.0	0.0	0.0	0.0	0.0	0.0	0.0	0.0	0.0	0.0	0.0	0.0	0.0	0.0	18.882978723404257	0.0	0.0	4.8839458413926495	1.3056092843326885	1.2572533849129595	0.41102514506769827	0.19342359767891684	0.16924564796905223	0.04835589941972921	0.0	0.04835589941972921	0.0	0.024177949709864605	0.0	0.0	0.0	0.0	0.0	0.0	0.0	0.0	0.0	0.0	0.0	0.0	0.0	0.0	0.0	0.0	0.0	0.0	0.0	0.0	0.0	0.0	0.0	0.0	0.0	0.0	0.0	0.0	0.0	0.0	0.0	0.00257133861297037	0.0	0.0	0.00273502183745922	0.00167197337416221	0.0034732513955176	0.00258811598562657	0.00215049378229357	0.00416858025361518	0.00213916957471209	0.0	0.0100506012307168	0.0	0.0270662161714596	0.0	0.0	0.0	0.0	0.0	0.0	0.0	0.0	0.0	0.0	0.0	0.0	0.0	0.0																																										
stn_038	HDR20170111035244	2017-01-11 03:52:44	242.5	40.48	0.0	0.0	0.0	0.0	0.0	0.0	0.0	0.0	0.0	0.0	0.0	0.0	0.0	0.0	0.0	0.0	0.0	18.601778656126484	0.0	0.0	5.755928853754941	1.9515810276679844	1.556324110671937	0.3952569169960475	0.32114624505928857	0.09881422924901187	0.049407114624505935	0.0741106719367589	0.0741106719367589	0.024703557312252968	0.0	0.0	0.0	0.0	0.0	0.0	0.0	0.0	0.0	0.0	0.0	0.0	0.0	0.0	0.0	0.0	0.0	0.0	0.0	0.0	0.0	0.0	0.0	0.0	0.0	0.0	0.0	0.0	0.0	0.0	0.0	0.0	0.00253304695350538	0.0	0.0	0.00322333449655789	0.00249920979801299	0.00427296416772201	0.0022258249672373	0.00350974666082906	0.00225081062055592	0.00232834541854867	0.00660085893573856	0.0164249935312245	0.0119450549096403	0.0	0.0	0.0	0.0	0.0	0.0	0.0	0.0	0.0	0.0	0.0	0.0	0.0	0.0	0.0																																										
stn_038	HDR20170111035244	2017-01-11 03:52:44	247.5	41.36	0.0	0.0	0.0	0.0	0.0	0.0	0.0	0.0	0.0	0.0	0.0	0.0	0.0	0.0	0.0	0.0	0.0	18.737911025145067	0.0	0.0	5.270793036750484	1.9342359767891684	1.7166344294003868	0.41102514506769827	0.26595744680851063	0.09671179883945842	0.04835589941972921	0.04835589941972921	0.0	0.0	0.0	0.024177949709864605	0.0	0.0	0.0	0.0	0.0	0.0	0.0	0.0	0.0	0.0	0.0	0.0	0.0	0.0	0.0	0.0	0.0	0.0	0.0	0.0	0.0	0.0	0.0	0.0	0.0	0.0	0.0	0.0	0.0	0.0	0.00255158441107815	0.0	0.0	0.0029516572305253	0.00247699759135142	0.0046596025800198	0.00244695737422533	0.00310148302288943	0.0020171330887911	0.00255027308955996	0.00468891480304132	0.0	0.0	0.0	0.0284133764995357	0.0	0.0	0.0	0.0	0.0	0.0	0.0	0.0	0.0	0.0	0.0	0.0	0.0																																										
stn_038	HDR20170111035244	2017-01-11 03:52:44	252.5	42.24	0.0	0.0	0.0	0.0	0.0	0.0	0.0	0.0	0.0	0.0	0.0	0.0	0.0	0.0	0.0	0.0	0.0	19.74431818181818	0.0	0.0	6.15530303030303	1.8229166666666665	2.012310606060606	0.4261363636363636	0.35511363636363635	0.0946969696969697	0.11837121212121211	0.0	0.0	0.0	0.04734848484848485	0.0	0.0	0.023674242424242424	0.0	0.0	0.0	0.0	0.0	0.0	0.0	0.0	0.0	0.0	0.0	0.0	0.0	0.0	0.0	0.0	0.0	0.0	0.0	0.0	0.0	0.0	0.0	0.0	0.0	0.0	0.0	0.0	0.00268862918670541	0.0	0.0	0.00344698503029617	0.00233444121955749	0.00542012381981156	0.00242851291926043	0.00373610817991525	0.00188416292678185	0.00601470652521309	0.0	0.0	0.0	0.0311971169969572	0.0	0.0	0.108989675067797	0.0	0.0	0.0	0.0	0.0	0.0	0.0	0.0	0.0	0.0	0.0																																										
stn_038	HDR20170111035244	2017-01-11 03:52:44	257.5	40.48	0.0	0.0	0.0	0.0	0.0	0.0	0.0	0.0	0.0	0.0	0.0	0.0	0.0	0.0	0.0	0.0	0.0	19.91106719367589	0.0	0.0	5.286561264822135	2.050395256916996	2.3468379446640317	0.27173913043478265	0.3952569169960475	0.1482213438735178	0.049407114624505935	0.0741106719367589	0.024703557312252968	0.0	0.0	0.0	0.0	0.0	0.0	0.0	0.0	0.0	0.0	0.0	0.0	0.0	0.0	0.0	0.0	0.0	0.0	0.0	0.0	0.0	0.0	0.0	0.0	0.0	0.0	0.0	0.0	0.0	0.0	0.0	0.0	0.0	0.00271133578290217	0.0	0.0	0.00296048747752527	0.00262575206626682	0.00612630454291402	0.00167147720690741	0.00467983823934015	0.00305981583460021	0.00335124069262993	0.00887349344660775	0.00475058479499208	0.0	0.0	0.0	0.0	0.0	0.0	0.0	0.0	0.0	0.0	0.0	0.0	0.0	0.0	0.0	0.0																																										
stn_038	HDR20170111035244	2017-01-11 03:52:44	262.5	39.6	0.0	0.0	0.0	0.0	0.0	0.0	0.0	0.0	0.0	0.0	0.0	0.0	0.0	0.0	0.0	0.0	0.0	19.67171717171717	0.0	0.0	5.252525252525253	2.2222222222222223	1.6414141414141414	0.5555555555555556	0.35353535353535354	0.050505050505050504	0.07575757575757576	0.0	0.025252525252525252	0.025252525252525252	0.0	0.0	0.0	0.0	0.0	0.0	0.0	0.0	0.0	0.0	0.0	0.0	0.0	0.0	0.0	0.0	0.0	0.0	0.0	0.0	0.0	0.0	0.0	0.0	0.0	0.0	0.0	0.0	0.0	0.0	0.0	0.0	0.00267874294029547	0.0	0.0	0.00294142722585273	0.00284579501050818	0.00438364862445772	0.00351553050798639	0.00394089006466128	0.00100488689428366	0.00336364073920897	0.0	0.00379115409628635	0.012210500574299	0.0	0.0	0.0	0.0	0.0	0.0	0.0	0.0	0.0	0.0	0.0	0.0	0.0	0.0	0.0																																										
stn_038	HDR20170111035244	2017-01-11 03:52:44	267.5	40.48	0.0	0.0	0.0	0.0	0.0	0.0	0.0	0.0	0.0	0.0	0.0	0.0	0.0	0.0	0.0	0.0	0.0	19.565217391304348	0.0	0.0	5.953557312252965	2.0009881422924902	2.3468379446640317	0.5187747035573123	0.32114624505928857	0.1482213438735178	0.0741106719367589	0.0	0.024703557312252968	0.0	0.0	0.0	0.0	0.0	0.0	0.0	0.0	0.0	0.0	0.0	0.0	0.0	0.0	0.0	0.0	0.0	0.0	0.0	0.0	0.0	0.0	0.0	0.0	0.0	0.0	0.0	0.0	0.0	0.0	0.0	0.0	0.0	0.00266424062042	0.0	0.0	0.00333400692562426	0.0025624809321399	0.00635589545935089	0.00292440000443368	0.00377172078085082	0.00430948965263376	0.00356788650479311	0.0	0.00623807577951051	0.0	0.0	0.0	0.0	0.0	0.0	0.0	0.0	0.0	0.0	0.0	0.0	0.0	0.0	0.0	0.0																																										
stn_038	HDR20170111035244	2017-01-11 03:52:44	272.5	42.24	0.0	0.0	0.0	0.0	0.0	0.0	0.0	0.0	0.0	0.0	0.0	0.0	0.0	0.0	0.0	0.0	0.0	19.460227272727273	0.0	0.0	5.6581439393939394	1.396780303030303	2.012310606060606	0.7102272727272727	0.1893939393939394	0.1893939393939394	0.04734848484848485	0.023674242424242424	0.023674242424242424	0.023674242424242424	0.0	0.023674242424242424	0.0	0.0	0.0	0.0	0.0	0.0	0.0	0.0	0.0	0.0	0.0	0.0	0.0	0.0	0.0	0.0	0.0	0.0	0.0	0.0	0.0	0.0	0.0	0.0	0.0	0.0	0.0	0.0	0.0	0.0	0.00264994387466649	0.0	0.0	0.00316857470092609	0.00178872768771289	0.00526296337106014	0.00452360508953501	0.00217405715908981	0.00387440497154947	0.0027783242068915	0.00288780086503762	0.00509913341742577	0.0118759519918981	0.0	0.0298613549214022	0.0	0.0	0.0	0.0	0.0	0.0	0.0	0.0	0.0	0.0	0.0	0.0	0.0																																										
stn_038	HDR20170111035244	2017-01-11 03:52:44	277.5	37.84	0.0	0.0	0.0	0.0	0.0	0.0	0.0	0.0	0.0	0.0	0.0	0.0	0.0	0.0	0.0	0.0	0.0	20.269556025369976	0.0	0.0	5.761099365750528	1.5856236786469342	2.193446088794926	0.5021141649048625	0.39640591966173355	0.18498942917547567	0.02642706131078224	0.0	0.0	0.0	0.0	0.0	0.02642706131078224	0.0	0.0	0.0	0.0	0.0	0.0	0.0	0.0	0.0	0.0	0.0	0.0	0.0	0.0	0.0	0.0	0.0	0.0	0.0	0.0	0.0	0.0	0.0	0.0	0.0	0.0	0.0	0.0	0.0	0.00276015203105645	0.0	0.0	0.00322622999615556	0.00203056197895668	0.00592864851259369	0.0030557942588867	0.00439114780442916	0.00382875670084908	0.0013088610697745	0.0	0.0	0.0	0.0	0.0	0.103016824567052	0.0	0.0	0.0	0.0	0.0	0.0	0.0	0.0	0.0	0.0	0.0	0.0																																										
stn_038	HDR20170111035244	2017-01-11 03:52:44	282.5	38.72	0.0	0.0	0.0	0.0	0.0	0.0	0.0	0.0	0.0	0.0	0.0	0.0	0.0	0.0	0.0	0.0	0.0	18.414256198347108	0.0	0.0	6.017561983471075	2.1952479338842976	2.556818181818182	0.7231404958677686	0.5681818181818182	0.10330578512396695	0.025826446280991736	0.0	0.0	0.0	0.0	0.0	0.0	0.0	0.0	0.0	0.0	0.0	0.0	0.0	0.0	0.0	0.0	0.0	0.0	0.0	0.0	0.0	0.0	0.0	0.0	0.0	0.0	0.0	0.0	0.0	0.0	0.0	0.0	0.0	0.0	0.0	0.00250751158943226	0.0	0.0	0.00336984970094689	0.00281125152768435	0.00691700104675015	0.00431098779987224	0.00668418297086559	0.00308076615978846	0.00158582262719652	0.0	0.0	0.0	0.0	0.0	0.0	0.0	0.0	0.0	0.0	0.0	0.0	0.0	0.0	0.0	0.0	0.0	0.0																																										
stn_038	HDR20170111035244	2017-01-11 03:52:44	287.5	38.72	0.0	0.0	0.0	0.0	0.0	0.0	0.0	0.0	0.0	0.0	0.0	0.0	0.0	0.0	0.0	0.0	0.0	19.266528925619834	0.0	0.0	5.604338842975206	2.37603305785124	1.6528925619834711	0.5165289256198348	0.2582644628099174	0.2066115702479339	0.025826446280991736	0.05165289256198347	0.0	0.025826446280991736	0.025826446280991736	0.0	0.0	0.0	0.0	0.0	0.0	0.0	0.0	0.0	0.0	0.0	0.0	0.0	0.0	0.0	0.0	0.0	0.0	0.0	0.0	0.0	0.0	0.0	0.0	0.0	0.0	0.0	0.0	0.0	0.0	0.0	0.00262356752554904	0.0	0.0	0.00313844371289903	0.003042766359376	0.00432093042095098	0.00292131379191212	0.00279446543582136	0.00442505245476545	0.00100590781843557	0.00525933610689493	0.0	0.012029198435814	0.0222501044343275	0.0	0.0	0.0	0.0	0.0	0.0	0.0	0.0	0.0	0.0	0.0	0.0	0.0	0.0																																										
stn_038	HDR20170111035244	2017-01-11 03:52:44	292.5	40.48	0.0	0.0	0.0	0.0	0.0	0.0	0.0	0.0	0.0	0.0	0.0	0.0	0.0	0.0	0.0	0.0	0.0	19.688735177865613	0.0	0.0	6.002964426877471	2.0009881422924902	2.24802371541502	0.8893280632411068	0.3952569169960475	0.32114624505928857	0.0741106719367589	0.049407114624505935	0.024703557312252968	0.0	0.0	0.049407114624505935	0.0	0.0	0.0	0.0	0.0	0.0	0.0	0.0	0.0	0.0	0.0	0.0	0.0	0.0	0.0	0.0	0.0	0.0	0.0	0.0	0.0	0.0	0.0	0.0	0.0	0.0	0.0	0.0	0.0	0.0	0.00268106032130649	0.0	0.0	0.00336167503289085	0.0025624809321399	0.0059971329408529	0.00530857966975578	0.00460070822804603	0.00691569067612586	0.00412262147676294	0.00385973992775021	0.00623807577951051	0.0	0.0	0.103030521033613	0.0	0.0	0.0	0.0	0.0	0.0	0.0	0.0	0.0	0.0	0.0	0.0	0.0																																										
stn_038	HDR20170111035244	2017-01-11 03:52:44	297.5	38.72	0.0	0.0	0.0	0.0	0.0	0.0	0.0	0.0	0.0	0.0	0.0	0.0	0.0	0.0	0.0	0.0	0.0	18.491735537190085	0.0	0.0	5.9400826446281	2.040289256198347	2.143595041322314	0.6456611570247934	0.2582644628099174	0.2582644628099174	0.05165289256198347	0.05165289256198347	0.025826446280991736	0.0	0.0	0.0	0.0	0.0	0.0	0.0	0.0	0.0	0.0	0.0	0.0	0.0	0.0	0.0	0.0	0.0	0.0	0.0	0.0	0.0	0.0	0.0	0.0	0.0	0.0	0.0	0.0	0.0	0.0	0.0	0.0	0.0	0.00251806212907924	0.0	0.0	0.00332646107818791	0.00261281024337722	0.00575961694848898	0.00410399142642595	0.00300191357908284	0.00627966453232505	0.00243417930120997	0.00485123960424825	0.00652162467857917	0.0	0.0	0.0	0.0	0.0	0.0	0.0	0.0	0.0	0.0	0.0	0.0	0.0	0.0	0.0	0.0																																										
stn_038	HDR20170111035244	2017-01-11 03:52:44	302.5	42.24	0.0	0.0	0.0	0.0	0.0	0.0	0.0	0.0	0.0	0.0	0.0	0.0	0.0	0.0	0.0	0.0	0.0	17.755681818181817	0.0	0.0	5.587121212121212	2.012310606060606	2.1070075757575757	0.615530303030303	0.2130681818181818	0.14204545454545453	0.07102272727272727	0.07102272727272727	0.0946969696969697	0.0	0.0	0.0	0.0	0.0	0.0	0.0	0.0	0.0	0.0	0.0	0.0	0.0	0.0	0.0	0.0	0.0	0.0	0.0	0.0	0.0	0.0	0.0	0.0	0.0	0.0	0.0	0.0	0.0	0.0	0.0	0.0	0.0	0.00241783200243292	0.0	0.0	0.00312880179673037	0.00257698056704399	0.00566964163078794	0.0037484533622229	0.00252753716877046	0.00346296554995005	0.00366966377520045	0.00710501629620393	0.0159522882521149	0.0	0.0	0.0	0.0	0.0	0.0	0.0	0.0	0.0	0.0	0.0	0.0	0.0	0.0	0.0	0.0																																										
stn_038	HDR20170111035244	2017-01-11 03:52:44	307.5	41.36	0.0	0.0	0.0	0.0	0.0	0.0	0.0	0.0	0.0	0.0	0.0	0.0	0.0	0.0	0.0	0.0	0.0	18.737911025145067	0.0	0.0	5.609284332688588	2.272727272727273	1.764990328820116	0.6044487427466151	0.5319148936170213	0.31431334622823986	0.09671179883945842	0.0725338491295938	0.0	0.0	0.024177949709864605	0.0	0.0	0.024177949709864605	0.0	0.0	0.0	0.0	0.0	0.0	0.0	0.0	0.0	0.0	0.0	0.0	0.0	0.0	0.0	0.0	0.0	0.0	0.0	0.0	0.0	0.0	0.0	0.0	0.0	0.0	0.0	0.0	0.00255158441107815	0.0	0.0	0.00314121319945811	0.00291047216983792	0.00467466292864502	0.00365382304499852	0.00600875927336387	0.00716334138666154	0.00551164792372212	0.00655569830875922	0.0	0.0	0.0159263180575449	0.0	0.0	0.164447848078906	0.0	0.0	0.0	0.0	0.0	0.0	0.0	0.0	0.0	0.0	0.0																																										
stn_038	HDR20170111035244	2017-01-11 03:52:44	312.5	44.0	0.0	0.0	0.0	0.0	0.0	0.0	0.0	0.0	0.0	0.0	0.0	0.0	0.0	0.0	0.0	0.0	0.0	17.931818181818183	0.0	0.0	4.909090909090909	2.1363636363636362	1.7272727272727273	0.9090909090909091	0.5909090909090909	0.20454545454545456	0.09090909090909091	0.022727272727272728	0.0	0.0	0.022727272727272728	0.0	0.0	0.0	0.0	0.0	0.0	0.0	0.0	0.0	0.0	0.0	0.0	0.0	0.0	0.0	0.0	0.0	0.0	0.0	0.0	0.0	0.0	0.0	0.0	0.0	0.0	0.0	0.0	0.0	0.0	0.0	0.00244181689589706	0.0	0.0	0.00274910313800852	0.00273584383964764	0.00470207890301047	0.0053626607649606	0.00704255209942467	0.00536863140941712	0.00479448060183919	0.00297802272144306	0.0	0.0	0.0185013373746036	0.0	0.0	0.0	0.0	0.0	0.0	0.0	0.0	0.0	0.0	0.0	0.0	0.0	0.0																																										
stn_038	HDR20170111035244	2017-01-11 03:52:44	317.5	40.48	0.0	0.0	0.0	0.0	0.0	0.0	0.0	0.0	0.0	0.0	0.0	0.0	0.0	0.0	0.0	0.0	0.0	15.66205533596838	0.0	0.0	4.545454545454546	1.8774703557312253	2.050395256916996	0.5434782608695653	0.4199604743083004	0.19762845849802374	0.09881422924901187	0.024703557312252968	0.0	0.0	0.024703557312252968	0.0	0.0	0.0	0.0	0.0	0.0	0.0	0.0	0.0	0.0	0.0	0.0	0.0	0.0	0.0	0.0	0.0	0.0	0.0	0.0	0.0	0.0	0.0	0.0	0.0	0.0	0.0	0.0	0.0	0.0	0.0	0.00213273807240692	0.0	0.0	0.0025454658685264	0.00240430309682263	0.00550919882029381	0.00339103017277032	0.00488263464748353	0.00491290285904829	0.00550483472043717	0.00220028631191285	0.0	0.0	0.0137843524077287	0.0	0.0	0.0	0.0	0.0	0.0	0.0	0.0	0.0	0.0	0.0	0.0	0.0	0.0																																										
stn_038	HDR20170111035244	2017-01-11 03:52:44	322.5	42.24	0.0	0.0	0.0	0.0	0.0	0.0	0.0	0.0	0.0	0.0	0.0	0.0	0.0	0.0	0.0	0.0	0.0	16.12215909090909	0.0	0.0	4.214015151515151	2.2017045454545454	2.035984848484848	0.4971590909090909	0.4261363636363636	0.11837121212121211	0.04734848484848485	0.04734848484848485	0.023674242424242424	0.0	0.0	0.0	0.0	0.0	0.0	0.0	0.0	0.0	0.0	0.0	0.0	0.0	0.0	0.0	0.0	0.0	0.0	0.0	0.0	0.0	0.0	0.0	0.0	0.0	0.0	0.0	0.0	0.0	0.0	0.0	0.0	0.0	0.0021953914582091	0.0	0.0	0.00235985898227969	0.00281951991453048	0.00531748480136666	0.00303291301591069	0.0047281828783632	0.00270005141837391	0.00208694331719464	0.00440033257572293	0.00597815595536424	0.0	0.0	0.0	0.0	0.0	0.0	0.0	0.0	0.0	0.0	0.0	0.0	0.0	0.0	0.0	0.0																																										
stn_038	HDR20170111035244	2017-01-11 03:52:44	327.5	41.36	0.0	0.0	0.0	0.0	0.0	0.0	0.0	0.0	0.0	0.0	0.0	0.0	0.0	0.0	0.0	0.0	0.0	17.166344294003867	0.0	0.0	4.327852998065764	1.5957446808510638	1.7166344294003868	0.5802707930367504	0.24177949709864605	0.1450676982591876	0.024177949709864605	0.024177949709864605	0.0	0.0	0.0	0.0	0.0	0.0	0.0	0.0	0.0	0.0	0.0	0.0	0.0	0.0	0.0	0.0	0.0	0.0	0.0	0.0	0.0	0.0	0.0	0.0	0.0	0.0	0.0	0.0	0.0	0.0	0.0	0.0	0.0	0.0	0.00233758055724579	0.0	0.0	0.00242360845992673	0.00204352301286492	0.00453119914955055	0.00352649127138541	0.00280267559209847	0.002894092132289	0.00148459990631164	0.00253544309350959	0.0	0.0	0.0	0.0	0.0	0.0	0.0	0.0	0.0	0.0	0.0	0.0	0.0	0.0	0.0	0.0	0.0																																										
stn_038	HDR20170111035244	2017-01-11 03:52:44	332.5	39.6	0.0	0.0	0.0	0.0	0.0	0.0	0.0	0.0	0.0	0.0	0.0	0.0	0.0	0.0	0.0	0.0	0.0	16.085858585858585	0.0	0.0	4.116161616161616	1.5404040404040404	1.6414141414141414	0.6565656565656566	0.3282828282828283	0.10101010101010101	0.12626262626262627	0.025252525252525252	0.025252525252525252	0.025252525252525252	0.0	0.0	0.0	0.025252525252525252	0.0	0.0	0.0	0.0	0.0	0.0	0.0	0.0	0.0	0.0	0.0	0.0	0.0	0.0	0.0	0.0	0.0	0.0	0.0	0.0	0.0	0.0	0.0	0.0	0.0	0.0	0.0	0.0	0.00219044833500412	0.0	0.0	0.00230506075872113	0.00197265335955681	0.00438364862445772	0.00390006203472875	0.00383960592482453	0.00251103923906913	0.00618130930729545	0.0018833708776653	0.00543907564525416	0.00739042188895433	0.0	0.0	0.0	0.141838393885931	0.0	0.0	0.0	0.0	0.0	0.0	0.0	0.0	0.0	0.0	0.0																																										
stn_038	HDR20170111035244	2017-01-11 03:52:44	337.5	39.6	0.0	0.0	0.0	0.0	0.0	0.0	0.0	0.0	0.0	0.0	0.0	0.0	0.0	0.0	0.0	0.0	0.0	14.318181818181818	0.0	0.0	3.888888888888889	1.9696969696969697	1.8181818181818181	0.5303030303030303	0.25252525252525254	0.12626262626262627	0.12626262626262627	0.0	0.0	0.0	0.0	0.0	0.0	0.0	0.0	0.0	0.0	0.0	0.0	0.0	0.0	0.0	0.0	0.0	0.0	0.0	0.0	0.0	0.0	0.0	0.0	0.0	0.0	0.0	0.0	0.0	0.0	0.0	0.0	0.0	0.0	0.0	0.00194973972676191	0.0	0.0	0.00217778746529481	0.00252240921385953	0.00515954515714977	0.0032351072169714	0.00273236620391422	0.00313880287391511	0.00660251133418827	0.0	0.0	0.0	0.0	0.0	0.0	0.0	0.0	0.0	0.0	0.0	0.0	0.0	0.0	0.0	0.0	0.0	0.0																																										
stn_038	HDR20170111035244	2017-01-11 03:52:44	342.5	36.08	0.0	0.0	0.0	0.0	0.0	0.0	0.0	0.0	0.0	0.0	0.0	0.0	0.0	0.0	0.0	0.0	0.0	16.574279379157428	0.0	0.0	5.016629711751663	1.6629711751662972	1.9401330376940134	0.6374722838137472	0.3603104212860311	0.19401330376940135	0.08314855875831487	0.0	0.02771618625277162	0.02771618625277162	0.0	0.0	0.0	0.0	0.0	0.0	0.0	0.0	0.0	0.0	0.0	0.0	0.0	0.0	0.0	0.0	0.0	0.0	0.0	0.0	0.0	0.0	0.0	0.0	0.0	0.0	0.0	0.0	0.0	0.0	0.0	0.0	0.00225695771700275	0.0	0.0	0.00280932513538585	0.00212961378280823	0.00505687440873501	0.00373478150388878	0.00413416416459978	0.00537317152088414	0.00400299461513374	0.0	0.00664651573447131	0.00972527451664377	0.0	0.0	0.0	0.0	0.0	0.0	0.0	0.0	0.0	0.0	0.0	0.0	0.0	0.0	0.0																																										
stn_038	HDR20170111035244	2017-01-11 03:52:44	347.5	36.08	0.0	0.0	0.0	0.0	0.0	0.0	0.0	0.0	0.0	0.0	0.0	0.0	0.0	0.0	0.0	0.0	0.0	16.851441241685144	0.0	0.0	4.628603104212861	1.8015521064301554	2.0787139689578713	0.7206208425720622	0.4157427937915743	0.24944567627494457	0.1385809312638581	0.0	0.02771618625277162	0.02771618625277162	0.0	0.0	0.0	0.0	0.0	0.0	0.0	0.0	0.0	0.0	0.0	0.0	0.0	0.0	0.0	0.0	0.0	0.0	0.0	0.0	0.0	0.0	0.0	0.0	0.0	0.0	0.0	0.0	0.0	0.0	0.0	0.0	0.00229469948484561	0.0	0.0	0.00259202926856042	0.00230708159804225	0.0056336140533609	0.00433449454816455	0.00497056722753539	0.0059082105939212	0.00677543378456828	0.0	0.00596971717162042	0.0144147443499677	0.0	0.0	0.0	0.0	0.0	0.0	0.0	0.0	0.0	0.0	0.0	0.0	0.0	0.0	0.0																																										
stn_038	HDR20170111035244	2017-01-11 03:52:44	352.5	41.36	0.0	0.0	0.0	0.0	0.0	0.0	0.0	0.0	0.0	0.0	0.0	0.0	0.0	0.0	0.0	0.0	0.0	14.0715667311412	0.0	0.0	4.617988394584139	1.6924564796905224	1.52321083172147	0.5077369439071567	0.4835589941972921	0.36266924564796904	0.04835589941972921	0.09671179883945842	0.0	0.0	0.0	0.0	0.0	0.0	0.0	0.0	0.0	0.0	0.0	0.0	0.0	0.0	0.0	0.0	0.0	0.0	0.0	0.0	0.0	0.0	0.0	0.0	0.0	0.0	0.0	0.0	0.0	0.0	0.0	0.0	0.0	0.0	0.00191615758354514	0.0	0.0	0.00258608500472629	0.00216737289243249	0.0042462517517285	0.00300333733914484	0.00527913106952643	0.00895375908455526	0.00227880615432423	0.0107744149303249	0.0	0.0	0.0	0.0	0.0	0.0	0.0	0.0	0.0	0.0	0.0	0.0	0.0	0.0	0.0	0.0	0.0																																										
stn_038	HDR20170111035244	2017-01-11 03:52:44	357.5	36.08	0.0	0.0	0.0	0.0	0.0	0.0	0.0	0.0	0.0	0.0	0.0	0.0	0.0	0.0	0.0	0.0	0.0	15.825942350332594	0.0	0.0	4.767184035476719	1.6906873614190687	1.6629711751662972	0.49889135254988914	0.4434589800443459	0.24944567627494457	0.05543237250554324	0.05543237250554324	0.08314855875831487	0.0	0.0	0.0	0.0	0.0	0.0	0.0	0.0	0.0	0.0	0.0	0.0	0.0	0.0	0.0	0.0	0.0	0.0	0.0	0.0	0.0	0.0	0.0	0.0	0.0	0.0	0.0	0.0	0.0	0.0	0.0	0.0	0.0	0.00215505494382704	0.0	0.0	0.00266963493528379	0.00216510734585504	0.00441857473685377	0.0031128303581528	0.00516177020707603	0.00609454381462324	0.00244325071281323	0.00515160886913904	0.0181957776718786	0.0	0.0	0.0	0.0	0.0	0.0	0.0	0.0	0.0	0.0	0.0	0.0	0.0	0.0	0.0	0.0																																										
stn_038	HDR20170111035244	2017-01-11 03:52:44	362.5	40.48	0.0	0.0	0.0	0.0	0.0	0.0	0.0	0.0	0.0	0.0	0.0	0.0	0.0	0.0	0.0	0.0	0.0	15.192687747035574	0.0	0.0	3.853754940711463	1.3339920948616601	1.7045454545454546	0.6422924901185771	0.2964426877470356	0.19762845849802374	0.049407114624505935	0.024703557312252968	0.0	0.0	0.024703557312252968	0.0	0.0	0.0	0.0	0.0	0.0	0.0	0.0	0.0	0.0	0.0	0.0	0.0	0.0	0.0	0.0	0.0	0.0	0.0	0.0	0.0	0.0	0.0	0.0	0.0	0.0	0.0	0.0	0.0	0.0	0.0	0.00206882320903826	0.0	0.0	0.00215811236679412	0.0017083206214266	0.00464711443372836	0.00376720231849654	0.00400595032643473	0.0054111791364169	0.00232834541854867	0.00184242803249867	0.0	0.0	0.0142651655039601	0.0	0.0	0.0	0.0	0.0	0.0	0.0	0.0	0.0	0.0	0.0	0.0	0.0	0.0																																										
stn_038	HDR20170111035244	2017-01-11 03:52:44	367.5	40.48	0.0	0.0	0.0	0.0	0.0	0.0	0.0	0.0	0.0	0.0	0.0	0.0	0.0	0.0	0.0	0.0	0.0	14.99505928853755	0.0	0.0	5.0148221343873525	1.7786561264822136	1.9021739130434785	0.5681818181818182	0.2964426877470356	0.19762845849802374	0.0	0.0	0.0	0.0	0.0	0.0	0.0	0.0	0.0	0.0	0.0	0.0	0.0	0.0	0.0	0.0	0.0	0.0	0.0	0.0	0.0	0.0	0.0	0.0	0.0	0.0	0.0	0.0	0.0	0.0	0.0	0.0	0.0	0.0	0.0	0.0	0.00204191168761988	0.0	0.0	0.00280831288755902	0.0022777608285688	0.00523344466133183	0.00332882699259652	0.00313310568005322	0.00430388652679087	0.0	0.0	0.0	0.0	0.0	0.0	0.0	0.0	0.0	0.0	0.0	0.0	0.0	0.0	0.0	0.0	0.0	0.0	0.0																																										
stn_038	HDR20170111035244	2017-01-11 03:52:44	372.5	45.76	0.0	0.0	0.0	0.0	0.0	0.0	0.0	0.0	0.0	0.0	0.0	0.0	0.0	0.0	0.0	0.0	0.0	14.532342657342658	0.0	0.0	4.173951048951049	1.3767482517482519	0.9615384615384616	0.45891608391608396	0.2403846153846154	0.10926573426573427	0.06555944055944056	0.0	0.04370629370629371	0.0	0.021853146853146856	0.0	0.0	0.0	0.0	0.0	0.0	0.0	0.0	0.0	0.0	0.0	0.0	0.0	0.0	0.0	0.0	0.0	0.0	0.0	0.0	0.0	0.0	0.0	0.0	0.0	0.0	0.0	0.0	0.0	0.0	0.0	0.00197890250045279	0.0	0.0	0.00233742298504107	0.00176307448749797	0.0026206081753763	0.00267202634668951	0.00267705058343803	0.0024713703991428	0.00340154009326703	0.0	0.0102105781002557	0.0	0.0193568845677025	0.0	0.0	0.0	0.0	0.0	0.0	0.0	0.0	0.0	0.0	0.0	0.0	0.0	0.0																																										
stn_038	HDR20170111035244	2017-01-11 03:52:44	377.5	44.0	0.0	0.0	0.0	0.0	0.0	0.0	0.0	0.0	0.0	0.0	0.0	0.0	0.0	0.0	0.0	0.0	0.0	16.0	0.0	0.0	4.409090909090909	1.5	1.9545454545454546	0.5909090909090909	0.3181818181818182	0.2727272727272727	0.20454545454545456	0.045454545454545456	0.0	0.0	0.0	0.0	0.0	0.0	0.0	0.0	0.0	0.0	0.0	0.0	0.0	0.0	0.0	0.0	0.0	0.0	0.0	0.0	0.0	0.0	0.0	0.0	0.0	0.0	0.0	0.0	0.0	0.0	0.0	0.0	0.0	0.0	0.00217875677403236	0.0	0.0	0.00246910189247061	0.00192091163209302	0.00537635866475446	0.00364274492597304	0.00361960066858574	0.00686704812471863	0.0091762687780063	0.00497234469617031	0.0	0.0	0.0	0.0	0.0	0.0	0.0	0.0	0.0	0.0	0.0	0.0	0.0	0.0	0.0	0.0	0.0																																										
stn_038	HDR20170111035244	2017-01-11 03:52:44	382.5	38.72	0.0	0.0	0.0	0.0	0.0	0.0	0.0	0.0	0.0	0.0	0.0	0.0	0.0	0.0	0.0	0.0	0.0	15.77995867768595	0.0	0.0	4.080578512396694	1.7303719008264464	2.143595041322314	0.5165289256198348	0.4132231404958678	0.2840909090909091	0.025826446280991736	0.05165289256198347	0.0	0.0	0.0	0.0	0.0	0.0	0.0	0.0	0.0	0.0	0.0	0.0	0.0	0.0	0.0	0.0	0.0	0.0	0.0	0.0	0.0	0.0	0.0	0.0	0.0	0.0	0.0	0.0	0.0	0.0	0.0	0.0	0.0	0.0	0.00214879324143493	0.0	0.0	0.00228513413197257	0.00221592767476296	0.00603393336812784	0.00287105277118592	0.00501727947258232	0.00701264259526477	0.0011383327184698	0.00588418021270142	0.0	0.0	0.0	0.0	0.0	0.0	0.0	0.0	0.0	0.0	0.0	0.0	0.0	0.0	0.0	0.0	0.0																																										
stn_038	HDR20170111035244	2017-01-11 03:52:44	387.5	39.6	0.0	0.0	0.0	0.0	0.0	0.0	0.0	0.0	0.0	0.0	0.0	0.0	0.0	0.0	0.0	0.0	0.0	15.858585858585858	0.0	0.0	3.888888888888889	1.4898989898989898	2.0202020202020203	0.45454545454545453	0.35353535353535354	0.22727272727272727	0.15151515151515152	0.050505050505050504	0.0	0.0	0.0	0.0	0.0	0.0	0.0	0.0	0.0	0.0	0.0	0.0	0.0	0.0	0.0	0.0	0.0	0.0	0.0	0.0	0.0	0.0	0.0	0.0	0.0	0.0	0.0	0.0	0.0	0.0	0.0	0.0	0.0	0.0	0.00215950008537298	0.0	0.0	0.00217778746529481	0.00190797620022708	0.00535657419656299	0.00278699021716249	0.0038189403361285	0.00522944492274885	0.00740743089056737	0.00537105518341608	0.0	0.0	0.0	0.0	0.0	0.0	0.0	0.0	0.0	0.0	0.0	0.0	0.0	0.0	0.0	0.0	0.0																																										
stn_038	HDR20170111035244	2017-01-11 03:52:44	392.5	43.12	0.0	0.0	0.0	0.0	0.0	0.0	0.0	0.0	0.0	0.0	0.0	0.0	0.0	0.0	0.0	0.0	0.0	15.190166975881262	0.0	0.0	4.499072356215214	1.3218923933209648	1.8089053803339519	0.44063079777365494	0.4174397031539889	0.2782931354359926	0.0	0.02319109461966605	0.0	0.0	0.0	0.0	0.0	0.0	0.0	0.0	0.0	0.0	0.0	0.0	0.0	0.0	0.0	0.0	0.0	0.0	0.0	0.0	0.0	0.0	0.0	0.0	0.0	0.0	0.0	0.0	0.0	0.0	0.0	0.0	0.0	0.0	0.00206847994983649	0.0	0.0	0.00251949172701083	0.00169282564980369	0.00465853224481306	0.00263648302490154	0.00481796931561099	0.00669542549487546	0.0	0.00189380300370553	0.0	0.0	0.0	0.0	0.0	0.0	0.0	0.0	0.0	0.0	0.0	0.0	0.0	0.0	0.0	0.0	0.0																																										
stn_038	HDR20170111035244	2017-01-11 03:52:44	397.5	44.88	0.0	0.0	0.0	0.0	0.0	0.0	0.0	0.0	0.0	0.0	0.0	0.0	0.0	0.0	0.0	0.0	0.0	13.948306595365418	0.0	0.0	5.013368983957219	1.6934046345811051	1.5374331550802138	0.44563279857397503	0.267379679144385	0.11140819964349376	0.06684491978609625	0.022281639928698752	0.0	0.0	0.0	0.0	0.0	0.0	0.0	0.0	0.0	0.0	0.0	0.0	0.0	0.0	0.0	0.0	0.0	0.0	0.0	0.0	0.0	0.0	0.0	0.0	0.0	0.0	0.0	0.0	0.0	0.0	0.0	0.0	0.0	0.0	0.00189937296755829	0.0	0.0	0.00280749911969824	0.00216858710693805	0.00404359926296933	0.00265043650156846	0.00312657267984239	0.00261971182902571	0.00331064858825314	0.0023365848116657	0.0	0.0	0.0	0.0	0.0	0.0	0.0	0.0	0.0	0.0	0.0	0.0	0.0	0.0	0.0	0.0	0.0																																										
stn_038	HDR20170111035244	2017-01-11 03:52:44	402.5	42.24	0.0	0.0	0.0	0.0	0.0	0.0	0.0	0.0	0.0	0.0	0.0	0.0	0.0	0.0	0.0	0.0	0.0	14.015151515151514	0.0	0.0	3.8825757575757573	1.2073863636363635	1.2547348484848484	0.5208333333333333	0.28409090909090906	0.14204545454545453	0.023674242424242424	0.023674242424242424	0.0	0.0	0.0	0.0	0.0	0.0	0.0	0.0	0.0	0.0	0.0	0.0	0.0	0.0	0.0	0.0	0.0	0.0	0.0	0.0	0.0	0.0	0.0	0.0	0.0	0.0	0.0	0.0	0.0	0.0	0.0	0.0	0.0	0.0	0.00190847539392039	0.0	0.0	0.00217425209603297	0.00154618834022639	0.0033296850627497	0.00311151944190784	0.00338288120603038	0.00347805134399368	0.00160580283188518	0.00268130943941634	0.0	0.0	0.0	0.0	0.0	0.0	0.0	0.0	0.0	0.0	0.0	0.0	0.0	0.0	0.0	0.0	0.0																																										
stn_038	HDR20170111035244	2017-01-11 03:52:44	407.5	44.0	0.0	0.0	0.0	0.0	0.0	0.0	0.0	0.0	0.0	0.0	0.0	0.0	0.0	0.0	0.0	0.0	0.0	13.659090909090908	0.0	0.0	4.181818181818182	1.5909090909090908	1.75	0.5	0.2727272727272727	0.13636363636363635	0.06818181818181818	0.06818181818181818	0.0	0.0	0.0	0.0	0.0	0.0	0.0	0.0	0.0	0.0	0.0	0.0	0.0	0.0	0.0	0.0	0.0	0.0	0.0	0.0	0.0	0.0	0.0	0.0	0.0	0.0	0.0	0.0	0.0	0.0	0.0	0.0	0.0	0.0	0.0018599898028316	0.0	0.0	0.00234182859904429	0.00203733051888654	0.00466389505762391	0.00307551806070964	0.00306501159171906	0.00289508727179947	0.00301255219248279	0.0059342772414292	0.0	0.0	0.0	0.0	0.0	0.0	0.0	0.0	0.0	0.0	0.0	0.0	0.0	0.0	0.0	0.0	0.0																																										
stn_038	HDR20170111035244	2017-01-11 03:52:44	412.5	44.88	0.0	0.0	0.0	0.0	0.0	0.0	0.0	0.0	0.0	0.0	0.0	0.0	0.0	0.0	0.0	0.0	0.0	14.215686274509803	0.0	0.0	4.45632798573975	1.8939393939393938	1.8493761140819964	0.5570409982174688	0.31194295900178254	0.22281639928698752	0.1336898395721925	0.022281639928698752	0.0	0.0	0.0	0.0	0.0	0.0	0.0	0.0	0.0	0.0	0.0	0.0	0.0	0.0	0.0	0.0	0.0	0.0	0.0	0.0	0.0	0.0	0.0	0.0	0.0	0.0	0.0	0.0	0.0	0.0	0.0	0.0	0.0	0.0	0.00193578267300669	0.0	0.0	0.0024955547730651	0.00242539347486493	0.00505783071877561	0.003453973587036	0.00342696875182899	0.00546059812389177	0.00644344408667127	0.00181953621924649	0.0	0.0	0.0	0.0	0.0	0.0	0.0	0.0	0.0	0.0	0.0	0.0	0.0	0.0	0.0	0.0	0.0																																										
stn_038	HDR20170111035244	2017-01-11 03:52:44	417.5	38.72	0.0	0.0	0.0	0.0	0.0	0.0	0.0	0.0	0.0	0.0	0.0	0.0	0.0	0.0	0.0	0.0	0.0	12.835743801652892	0.0	0.0	4.9328512396694215	1.4721074380165289	2.324380165289256	0.5423553719008265	0.3357438016528926	0.23243801652892562	0.05165289256198347	0.0	0.0	0.0	0.0	0.0	0.0	0.0	0.0	0.0	0.0	0.0	0.0	0.0	0.0	0.0	0.0	0.0	0.0	0.0	0.0	0.0	0.0	0.0	0.0	0.0	0.0	0.0	0.0	0.0	0.0	0.0	0.0	0.0	0.0	0.0	0.00174787273484969	0.0	0.0	0.00276240898232127	0.00188519220091774	0.00631312062610367	0.00325837136026728	0.00373571449126438	0.00557155141415024	0.00228502204571519	0.0	0.0	0.0	0.0	0.0	0.0	0.0	0.0	0.0	0.0	0.0	0.0	0.0	0.0	0.0	0.0	0.0	0.0																																										
stn_038	HDR20170111035244	2017-01-11 03:52:44	422.5	38.72	0.0	0.0	0.0	0.0	0.0	0.0	0.0	0.0	0.0	0.0	0.0	0.0	0.0	0.0	0.0	0.0	0.0	15.289256198347108	0.0	0.0	4.338842975206612	1.78202479338843	1.4721074380165289	0.5165289256198348	0.5681818181818182	0.18078512396694216	0.025826446280991736	0.0	0.0	0.0	0.0	0.0	0.0	0.0	0.0	0.0	0.0	0.0	0.0	0.0	0.0	0.0	0.0	0.0	0.0	0.0	0.0	0.0	0.0	0.0	0.0	0.0	0.0	0.0	0.0	0.0	0.0	0.0	0.0	0.0	0.0	0.0	0.00208197315700406	0.0	0.0	0.00242976287450248	0.002282074769532	0.00387029540070086	0.00312235787481692	0.00656760812693472	0.00394016835254127	0.00158582262719652	0.0	0.0	0.0	0.0	0.0	0.0	0.0	0.0	0.0	0.0	0.0	0.0	0.0	0.0	0.0	0.0	0.0	0.0																																										
stn_038	HDR20170111035244	2017-01-11 03:52:44	427.5	39.6	0.0	0.0	0.0	0.0	0.0	0.0	0.0	0.0	0.0	0.0	0.0	0.0	0.0	0.0	0.0	0.0	0.0	14.242424242424242	0.0	0.0	4.722222222222222	1.6161616161616161	1.8686868686868687	0.9343434343434344	0.5303030303030303	0.10101010101010101	0.025252525252525252	0.0	0.0	0.025252525252525252	0.0	0.0	0.0	0.0	0.0	0.0	0.0	0.0	0.0	0.0	0.0	0.0	0.0	0.0	0.0	0.0	0.0	0.0	0.0	0.0	0.0	0.0	0.0	0.0	0.0	0.0	0.0	0.0	0.0	0.0	0.0	0.0	0.00193942364355153	0.0	0.0	0.00264445620785799	0.00206966909855141	0.00500763704260125	0.00551039496125842	0.00590673533409883	0.00239783829407167	0.000983554311359222	0.0	0.0	0.0126676821246913	0.0	0.0	0.0	0.0	0.0	0.0	0.0	0.0	0.0	0.0	0.0	0.0	0.0	0.0	0.0																																										
stn_038	HDR20170111035244	2017-01-11 03:52:44	432.5	36.96	0.0	0.0	0.0	0.0	0.0	0.0	0.0	0.0	0.0	0.0	0.0	0.0	0.0	0.0	0.0	0.0	0.0	14.448051948051948	0.0	0.0	4.2478354978354975	1.2716450216450217	1.4880952380952381	0.6764069264069263	0.35173160173160173	0.2976190476190476	0.08116883116883117	0.08116883116883117	0.0	0.0	0.0	0.0	0.0	0.0	0.0	0.0	0.0	0.0	0.0	0.0	0.0	0.0	0.0	0.0	0.0	0.0	0.0	0.0	0.0	0.0	0.0	0.0	0.0	0.0	0.0	0.0	0.0	0.0	0.0	0.0	0.0	0.0	0.00196742444083685	0.0	0.0	0.00237879846046813	0.00162847847598074	0.00396589715784346	0.00393083877093028	0.00433119011715735	0.00777970916134712	0.00343888626753589	0.00812001862423306	0.0	0.0	0.0	0.0	0.0	0.0	0.0	0.0	0.0	0.0	0.0	0.0	0.0	0.0	0.0	0.0	0.0																																										
stn_038	HDR20170111035244	2017-01-11 03:52:44	437.5	36.96	0.0	0.0	0.0	0.0	0.0	0.0	0.0	0.0	0.0	0.0	0.0	0.0	0.0	0.0	0.0	0.0	0.0	15.34090909090909	0.0	0.0	4.1396103896103895	1.8398268398268398	1.7316017316017316	0.5411255411255411	0.5681818181818181	0.10822510822510822	0.10822510822510822	0.05411255411255411	0.0	0.0	0.0	0.0	0.0	0.0	0.0	0.0	0.0	0.0	0.0	0.0	0.0	0.0	0.0	0.0	0.0	0.0	0.0	0.0	0.0	0.0	0.0	0.0	0.0	0.0	0.0	0.0	0.0	0.0	0.0	0.0	0.0	0.0	0.00208900685010205	0.0	0.0	0.00231819213026512	0.00235609651844022	0.00474222334214108	0.0031130783751449	0.00632011060436739	0.00299355689207847	0.00556030574181272	0.00504671839467908	0.0	0.0	0.0	0.0	0.0	0.0	0.0	0.0	0.0	0.0	0.0	0.0	0.0	0.0	0.0	0.0	0.0																																										
stn_038	HDR20170111035244	2017-01-11 03:52:44	442.5	38.72	0.0	0.0	0.0	0.0	0.0	0.0	0.0	0.0	0.0	0.0	0.0	0.0	0.0	0.0	0.0	0.0	0.0	13.662190082644628	0.0	0.0	4.364669421487603	1.4721074380165289	1.6528925619834711	0.490702479338843	0.46487603305785125	0.23243801652892562	0.05165289256198347	0.0	0.0	0.0	0.0	0.0	0.0	0.0	0.0	0.0	0.0	0.0	0.0	0.0	0.0	0.0	0.0	0.0	0.0	0.0	0.0	0.0	0.0	0.0	0.0	0.0	0.0	0.0	0.0	0.0	0.0	0.0	0.0	0.0	0.0	0.0	0.00186041182441748	0.0	0.0	0.00244422574875547	0.00188519220091774	0.00456095728813498	0.00303660541009275	0.00536546582874861	0.00560454145856484	0.00241744694574942	0.0	0.0	0.0	0.0	0.0	0.0	0.0	0.0	0.0	0.0	0.0	0.0	0.0	0.0	0.0	0.0	0.0	0.0																																										
stn_038	HDR20170111035244	2017-01-11 03:52:44	447.5	44.88	0.0	0.0	0.0	0.0	0.0	0.0	0.0	0.0	0.0	0.0	0.0	0.0	0.0	0.0	0.0	0.0	0.0	14.795008912655971	0.0	0.0	4.656862745098039	1.6488413547237075	1.4705882352941175	0.6907308377896613	0.24509803921568626	0.08912655971479501	0.022281639928698752	0.044563279857397504	0.0	0.0	0.0	0.022281639928698752	0.0	0.0	0.0	0.0	0.0	0.0	0.0	0.0	0.0	0.0	0.0	0.0	0.0	0.0	0.0	0.0	0.0	0.0	0.0	0.0	0.0	0.0	0.0	0.0	0.0	0.0	0.0	0.0	0.0	0.0	0.00201467036814489	0.0	0.0	0.00260785473785303	0.00211151902517653	0.00394882268751616	0.00433149319108909	0.00267222625728003	0.00221562285800217	0.00110354952941771	0.00543586045183553	0.0	0.0	0.0	0.0364784116129244	0.0	0.0	0.0	0.0	0.0	0.0	0.0	0.0	0.0	0.0	0.0	0.0	0.0																																										
stn_038	HDR20170111035244	2017-01-11 03:52:44	452.5	42.24	0.0	0.0	0.0	0.0	0.0	0.0	0.0	0.0	0.0	0.0	0.0	0.0	0.0	0.0	0.0	0.0	0.0	15.43560606060606	0.0	0.0	4.734848484848484	1.7518939393939392	2.1780303030303028	0.8759469696969696	0.35511363636363635	0.16571969696969696	0.07102272727272727	0.0	0.04734848484848485	0.0	0.0	0.0	0.0	0.0	0.0	0.0	0.0	0.0	0.0	0.0	0.0	0.0	0.0	0.0	0.0	0.0	0.0	0.0	0.0	0.0	0.0	0.0	0.0	0.0	0.0	0.0	0.0	0.0	0.0	0.0	0.0	0.0	0.00210190195411502	0.0	0.0	0.00265152694638167	0.00224348896425006	0.00573890965245665	0.00525814048084447	0.00398716671160277	0.00344506043983696	0.00327480268470646	0.0	0.00734622866567696	0.0	0.0	0.0	0.0	0.0	0.0	0.0	0.0	0.0	0.0	0.0	0.0	0.0	0.0	0.0	0.0																																										
stn_038	HDR20170111035244	2017-01-11 03:52:44	457.5	44.0	0.0	0.0	0.0	0.0	0.0	0.0	0.0	0.0	0.0	0.0	0.0	0.0	0.0	0.0	0.0	0.0	0.0	13.295454545454545	0.0	0.0	4.4772727272727275	2.3636363636363638	2.25	0.6136363636363636	0.38636363636363635	0.09090909090909091	0.045454545454545456	0.09090909090909091	0.0	0.0	0.0	0.0	0.0	0.0	0.0	0.0	0.0	0.0	0.0	0.0	0.0	0.0	0.0	0.0	0.0	0.0	0.0	0.0	0.0	0.0	0.0	0.0	0.0	0.0	0.0	0.0	0.0	0.0	0.0	0.0	0.0	0.0	0.00181047260342177	0.0	0.0	0.00250728388049851	0.00302689105663143	0.00629818456426205	0.00371820709493031	0.00432380729565542	0.00260189648309897	0.00225124104001214	0.00710192146706038	0.0	0.0	0.0	0.0	0.0	0.0	0.0	0.0	0.0	0.0	0.0	0.0	0.0	0.0	0.0	0.0	0.0																																										
stn_038	HDR20170111035244	2017-01-11 03:52:44	462.5	42.24	0.0	0.0	0.0	0.0	0.0	0.0	0.0	0.0	0.0	0.0	0.0	0.0	0.0	0.0	0.0	0.0	0.0	14.275568181818182	0.0	0.0	4.427083333333333	1.680871212121212	2.2253787878787876	0.8522727272727272	0.28409090909090906	0.26041666666666663	0.04734848484848485	0.04734848484848485	0.0	0.023674242424242424	0.0	0.04734848484848485	0.0	0.0	0.0	0.0	0.0	0.0	0.0	0.0	0.0	0.0	0.0	0.0	0.0	0.0	0.0	0.0	0.0	0.0	0.0	0.0	0.0	0.0	0.0	0.0	0.0	0.0	0.0	0.0	0.0	0.0	0.00194393692995607	0.0	0.0	0.00247917769486686	0.00215253670894263	0.00587938460281998	0.00513346145251497	0.00294166187635317	0.0056171955965901	0.00196555382549659	0.00561596368796147	0.0	0.0106142089342644	0.0	0.0598536053625675	0.0	0.0	0.0	0.0	0.0	0.0	0.0	0.0	0.0	0.0	0.0	0.0	0.0																																										
stn_038	HDR20170111035244	2017-01-11 03:52:44	467.5	42.24	0.0	0.0	0.0	0.0	0.0	0.0	0.0	0.0	0.0	0.0	0.0	0.0	0.0	0.0	0.0	0.0	0.0	13.683712121212121	0.0	0.0	4.214015151515151	1.4914772727272727	2.2017045454545454	0.9469696969696969	0.449810606060606	0.23674242424242423	0.023674242424242424	0.023674242424242424	0.0	0.0	0.0	0.0	0.0	0.0	0.0	0.0	0.0	0.0	0.0	0.0	0.0	0.0	0.0	0.0	0.0	0.0	0.0	0.0	0.0	0.0	0.0	0.0	0.0	0.0	0.0	0.0	0.0	0.0	0.0	0.0	0.0	0.0	0.00186334252987497	0.0	0.0	0.00235985898227969	0.00190999736145613	0.0059505915315146	0.00577039537283003	0.00502076515434602	0.00555928671270342	0.000922082166899271	0.00176566019781122	0.0	0.0	0.0	0.0	0.0	0.0	0.0	0.0	0.0	0.0	0.0	0.0	0.0	0.0	0.0	0.0	0.0																																										
stn_038	HDR20170111035244	2017-01-11 03:52:44	472.5	40.48	0.0	0.0	0.0	0.0	0.0	0.0	0.0	0.0	0.0	0.0	0.0	0.0	0.0	0.0	0.0	0.0	0.0	12.771739130434783	0.0	0.0	4.273715415019764	2.025691699604743	2.173913043478261	0.5928853754940712	0.17292490118577075	0.1482213438735178	0.1482213438735178	0.09881422924901187	0.0	0.024703557312252968	0.0	0.0	0.0	0.0	0.0	0.0	0.0	0.0	0.0	0.0	0.0	0.0	0.0	0.0	0.0	0.0	0.0	0.0	0.0	0.0	0.0	0.0	0.0	0.0	0.0	0.0	0.0	0.0	0.0	0.0	0.0	0.0	0.00173915707166306	0.0	0.0	0.00239329127856015	0.00259411649920336	0.00622004158720128	0.00374738140197767	0.00203461587516626	0.00314683399108638	0.00725439306220995	0.00850005607094419	0.0	0.0119450549096403	0.0	0.0	0.0	0.0	0.0	0.0	0.0	0.0	0.0	0.0	0.0	0.0	0.0	0.0	0.0																																										
stn_038	HDR20170111035244	2017-01-11 03:52:44	477.5	42.24	0.0	0.0	0.0	0.0	0.0	0.0	0.0	0.0	0.0	0.0	0.0	0.0	0.0	0.0	0.0	0.0	0.0	13.28125	0.0	0.0	4.4981060606060606	2.012310606060606	2.2490530303030303	0.615530303030303	0.4261363636363636	0.28409090909090906	0.16571969696969696	0.023674242424242424	0.0	0.0	0.0	0.0	0.0	0.0	0.0	0.0	0.0	0.0	0.0	0.0	0.0	0.0	0.0	0.0	0.0	0.0	0.0	0.0	0.0	0.0	0.0	0.0	0.0	0.0	0.0	0.0	0.0	0.0	0.0	0.0	0.0	0.0	0.00180853833781983	0.0	0.0	0.00251895059906259	0.00257698056704399	0.00624822693062936	0.00370238075989055	0.00504013914374856	0.00657713540214476	0.00853489712581415	0.00229172486013978	0.0	0.0	0.0	0.0	0.0	0.0	0.0	0.0	0.0	0.0	0.0	0.0	0.0	0.0	0.0	0.0	0.0																																										
stn_038	HDR20170111035244	2017-01-11 03:52:44	482.5	44.0	0.0	0.0	0.0	0.0	0.0	0.0	0.0	0.0	0.0	0.0	0.0	0.0	0.0	0.0	0.0	0.0	0.0	13.363636363636363	0.0	0.0	4.181818181818182	1.5681818181818181	1.75	0.7727272727272727	0.3409090909090909	0.13636363636363635	0.045454545454545456	0.0	0.0	0.022727272727272728	0.0	0.0	0.0	0.0	0.0	0.0	0.0	0.0	0.0	0.0	0.0	0.0	0.0	0.0	0.0	0.0	0.0	0.0	0.0	0.0	0.0	0.0	0.0	0.0	0.0	0.0	0.0	0.0	0.0	0.0	0.0	0.0	0.00181975707831112	0.0	0.0	0.00234182859904429	0.00200822579718816	0.00463372025146364	0.00486565805297795	0.00375488043274807	0.00324434532675339	0.00238249942484754	0.0	0.0	0.0066513797000589	0.0	0.0	0.0	0.0	0.0	0.0	0.0	0.0	0.0	0.0	0.0	0.0	0.0	0.0	0.0																																										
stn_038	HDR20170111035244	2017-01-11 03:52:44	487.5	47.52	0.0	0.0	0.0	0.0	0.0	0.0	0.0	0.0	0.0	0.0	0.0	0.0	0.0	0.0	0.0	0.0	0.0	14.078282828282827	0.0	0.0	4.229797979797979	1.6835016835016834	2.041245791245791	0.6523569023569024	0.4629629629629629	0.10521885521885521	0.21043771043771042	0.02104377104377104	0.02104377104377104	0.02104377104377104	0.0	0.0	0.0	0.0	0.0	0.0	0.0	0.0	0.0	0.0	0.0	0.0	0.0	0.0	0.0	0.0	0.0	0.0	0.0	0.0	0.0	0.0	0.0	0.0	0.0	0.0	0.0	0.0	0.0	0.0	0.0	0.0	0.00191707212992904	0.0	0.0	0.00236869740543429	0.00215590531099105	0.0053435704924349	0.00380418071040508	0.00545964703740962	0.00198232449646974	0.00996488752601759	0.00156947573138775	0.00337068595591868	0.00675718584878359	0.0	0.0	0.0	0.0	0.0	0.0	0.0	0.0	0.0	0.0	0.0	0.0	0.0	0.0	0.0																																										
stn_038	HDR20170111035244	2017-01-11 03:52:44	492.5	103.84	0.0	0.0	0.0	0.0	0.0	0.0	0.0	0.0	0.0	0.0	0.0	0.0	0.0	0.0	0.0	0.0	0.0	12.962249614791988	0.0	0.0	3.360939907550077	0.9726502311248074	0.9822804314329737	0.33705701078582434	0.15408320493066255	0.048151001540832045	0.048151001540832045	0.00963020030816641	0.0	0.0	0.0	0.0	0.0	0.0	0.0	0.0	0.0	0.0	0.0	0.0	0.0	0.0	0.0	0.0	0.0	0.0	0.0	0.0	0.0	0.0	0.0	0.0	0.0	0.0	0.0	0.0	0.0	0.0	0.0	0.0	0.0	0.0	0.0017650993221829	0.0	0.0	0.00188213472058414	0.00124558342861707	0.00258182568204303	0.0020187294190589	0.00187084997282731	0.00119391835457462	0.00285165524964602	0.000718234656736769	0.0	0.0	0.0	0.0	0.0	0.0	0.0	0.0	0.0	0.0	0.0	0.0	0.0	0.0	0.0	0.0	0.0																																										
stn_038	HDR20170111035244	2017-01-11 03:52:44	497.5	191.84	0.0	0.0	0.0	0.0	0.0	0.0	0.0	0.0	0.0	0.0	0.0	0.0	0.0	0.0	0.0	0.0	0.0	13.90742285237698	0.0	0.0	3.4299416180150124	1.146788990825688	1.1311509591326105	0.29712260216847375	0.10946622185154295	0.09904086738949124	0.0052126772310258545	0.015638031693077564	0.0	0.0	0.0	0.015638031693077564	0.0	0.0	0.0	0.0	0.0	0.0	0.0	0.0	0.0	0.0	0.0	0.0	0.0	0.0	0.0	0.0	0.0	0.0	0.0	0.0	0.0	0.0	0.0	0.0	0.0	0.0	0.0	0.0	0.0	0.0	0.0018938057343093	0.0	0.0	0.001920775850333	0.00146858687468886	0.00293722363696054	0.00180824522658892	0.00129808803985508	0.00226349080377358	0.000320074291727738	0.00184064654582186	0.0	0.0	0.0	0.0295053868746061	0.0	0.0	0.0	0.0	0.0	0.0	0.0	0.0	0.0	0.0	0.0	0.0	0.0																																										
stn_038	HDR20170111035244	2017-01-11 03:52:44	502.5	499.84	0.0	0.0	0.0	0.0	0.0	0.0	0.0	0.0	0.0	0.0	0.0	0.0	0.0	0.0	0.0	0.0	0.0	13.99047695262484	0.0	0.0	4.013284250960307	1.4524647887323945	1.4204545454545456	0.4361395646606914	0.20006402048655572	0.0840268886043534	0.02200704225352113	0.028008962868117798	0.006001920614596671	0.006001920614596671	0.002000640204865557	0.0	0.0	0.0	0.0	0.0	0.0	0.0	0.0	0.0	0.0	0.0	0.0	0.0	0.0	0.0	0.0	0.0	0.0	0.0	0.0	0.0	0.0	0.0	0.0	0.0	0.0	0.0	0.0	0.0	0.0	0.0	0.00190511540202968	0.0	0.0	0.00224744917793308	0.00186003767192106	0.00382378226921328	0.00266678242794969	0.00226954568673305	0.00196906214029927	0.00104450598178202	0.00276102167856666	0.00126055693008863	0.00276675579538326	0.00123519864466134	0.0	0.0	0.0	0.0	0.0	0.0	0.0	0.0	0.0	0.0	0.0	0.0	0.0	0.0																																										
